id,valeur_NO2,valeur_CO,valeur_O3,valeur_PM10,valeur_PM25
2024-09-03 23,31.549744,0.20467468,42.50633,9.4114485,5.304993
2024-09-04 00,24.898851,0.17520398,41.68262,8.705675,4.740097
2024-09-04 01,21.420736,0.1639736,39.728848,10.263456,5.4606094
2024-09-04 02,20.809853,0.1631137,37.08594,8.376483,5.8049307
2024-09-04 03,25.591785,0.16811928,31.567413,7.7524633,5.342707
2024-09-04 04,26.98208,0.17616317,29.067303,9.214004,5.0842986
2024-09-04 05,35.78486,0.20656395,19.615334,12.236704,6.2174764
2024-09-04 06,39.21774,0.22539556,18.346743,15.3302965,7.122804
2024-09-04 07,40.40061,0.23967832,20.746227,19.126198,8.68265
2024-09-04 08,37.16194,0.23757613,27.508545,20.87429,9.213866
2024-09-04 09,29.303425,0.22218893,39.10754,20.703627,9.320977
2024-09-04 10,19.145824,0.19247016,52.631596,18.908844,8.898848
2024-09-04 11,16.158175,0.18130596,57.908043,17.768814,8.932551
2024-09-04 12,13.317123,0.16910939,63.638355,16.699884,8.305085
2024-09-04 13,13.487715,0.1667176,64.90165,16.032642,7.8278236
2024-09-04 14,14.39446,0.16740325,63.373993,15.001121,7.1944942
2024-09-04 15,15.090465,0.17062107,61.19663,13.924903,6.939866
2024-09-04 16,16.5237,0.17583233,57.851856,13.201075,7.11056
2024-09-04 17,21.250387,0.19300781,50.35312,13.665884,8.115496
2024-09-04 18,23.840427,0.2042921,45.287933,13.594161,8.693829
2024-09-04 19,25.255695,0.21093243,40.788765,13.4089,9.074663
2024-09-04 20,23.483261,0.2050924,39.434566,12.705112,8.843955
2024-09-04 21,19.288435,0.18996538,41.28931,11.901379,8.397792
2024-09-04 22,13.5089855,0.16768609,45.849236,11.501705,7.91153
2024-09-04 23,11.400443,0.15660565,45.70119,11.6036825,7.899992
2024-09-05 00,8.818936,0.14386332,45.897076,10.828611,7.3512387
2024-09-05 01,8.863665,0.14248025,44.785847,11.314917,7.7293105
2024-09-05 02,7.526737,0.13604325,43.100082,10.722269,7.410763
2024-09-05 03,7.5643444,0.13420604,42.24547,10.303745,7.100036
2024-09-05 04,10.4532385,0.13913798,40.013954,10.7227125,6.7794356
2024-09-05 05,17.803177,0.16328593,32.881298,12.431964,7.4026823
2024-09-05 06,21.455687,0.17850341,30.031622,14.2777405,8.000489
2024-09-05 07,23.198967,0.19109756,29.768118,16.884188,9.058515
2024-09-05 08,21.03158,0.19060977,34.375443,18.135414,9.404551
2024-09-05 09,16.676998,0.18205263,42.7018,18.089996,9.351077
2024-09-05 10,13.129878,0.1719217,50.37347,17.276848,9.036897
2024-09-05 11,12.275336,0.16873293,53.78142,16.63161,8.88098
2024-09-05 12,10.727785,0.1624426,56.78264,15.732895,8.32303
2024-09-05 13,10.572207,0.16018365,57.134594,15.156904,7.8987675
2024-09-05 14,10.398902,0.15829499,57.078667,14.312689,7.339232
2024-09-05 15,10.935386,0.16000845,56.276733,13.601378,7.102358
2024-09-05 16,12.837135,0.16690475,53.45673,13.376222,7.326284
2024-09-05 17,15.583105,0.17825739,48.761833,13.511187,7.9055877
2024-09-05 18,16.653603,0.18459332,45.454453,13.322219,8.249143
2024-09-05 19,16.834608,0.18689238,42.963303,13.124485,8.480325
2024-09-05 20,15.108761,0.18114027,43.026634,12.604739,8.314719
2024-09-05 21,12.452776,0.17040701,44.584866,12.05338,8.00289
2024-09-05 22,9.929376,0.158161,45.841602,11.573626,7.6240187
2024-09-05 23,7.816367,0.14648443,46.056835,10.98127,7.143259
2024-09-06 00,5.0656886,0.1318864,46.622353,10.086849,6.358338
2024-09-06 01,4.523662,0.12919249,46.222603,10.127279,6.4998
2024-09-06 02,3.2262673,0.12212707,46.575016,9.846989,6.31914
2024-09-06 03,3.900154,0.122538716,45.51269,9.828262,6.3308086
2024-09-06 04,6.586074,0.12721856,42.4416,10.072456,6.166573
2024-09-06 05,11.229165,0.14250912,37.176617,10.756338,6.3578644
2024-09-06 06,13.608906,0.15195394,35.118195,11.842175,6.637522
2024-09-06 07,15.085115,0.16138995,35.17788,13.729357,7.3994794
2024-09-06 08,13.8869,0.16199712,39.136322,14.827413,7.7580123
2024-09-06 09,11.874587,0.15911156,44.40168,15.1299,7.879068
2024-09-06 10,10.062337,0.15441775,49.065166,14.666152,7.649242
2024-09-06 11,9.064789,0.15111598,52.085896,14.047814,7.3341804
2024-09-06 12,7.9467845,0.1464067,54.763176,13.494014,6.887412
2024-09-06 13,7.969148,0.14517075,55.586884,13.305981,6.6445465
2024-09-06 14,8.110482,0.14479432,55.721714,12.850735,6.3343863
2024-09-06 15,9.124106,0.14826225,54.293365,12.403333,6.2505774
2024-09-06 16,10.78546,0.1548621,51.52401,12.059486,6.3804655
2024-09-06 17,12.626227,0.1633309,48.242756,11.943932,6.735924
2024-09-06 18,13.744501,0.16965942,45.758915,11.935171,7.118055
2024-09-06 19,14.31175,0.17345873,43.85354,12.006731,7.480784
2024-09-06 20,13.467294,0.17110655,43.49267,11.72829,7.5129156
2024-09-06 21,11.715284,0.1637658,44.041225,11.261375,7.306552
2024-09-06 22,9.385121,0.15255217,45.10948,10.64818,6.867669
2024-09-06 23,6.903506,0.13959488,46.26921,9.994812,6.297321
2024-09-07 00,4.4773564,0.12595789,47.25014,9.34655,5.6262407
2024-09-07 01,6.1394114,0.1347413,44.25306,10.219569,6.4004054
2024-09-07 02,3.8429174,0.12518294,43.78241,9.199709,6.0094132
2024-09-07 03,3.4627788,0.1217514,43.202667,8.972578,5.958049
2024-09-07 04,4.067512,0.12248421,42.213047,8.80264,5.7005563
2024-09-07 05,5.413652,0.12700048,41.09309,8.784298,5.622043
2024-09-07 06,6.948592,0.13380222,40.160904,9.684141,6.0253005
2024-09-07 07,8.773931,0.14303,39.15133,11.053999,6.808334
2024-09-07 08,7.160555,0.14082475,43.00698,11.204197,6.786976
2024-09-07 09,6.3360534,0.14023931,47.43184,11.628232,6.9053526
2024-09-07 10,5.8523984,0.13949981,51.776936,11.766617,6.7982597
2024-09-07 11,5.778411,0.14028063,55.03115,11.891407,6.7480173
2024-09-07 12,6.2144165,0.14173973,56.27454,12.258408,6.788561
2024-09-07 13,7.163466,0.14502311,55.494408,12.407143,6.7815757
2024-09-07 14,7.2504334,0.14555486,55.429398,11.910457,6.4396725
2024-09-07 15,8.777899,0.15136471,53.777603,11.862589,6.504413
2024-09-07 16,10.772926,0.16000473,51.250446,11.8919935,6.7465725
2024-09-07 17,12.920005,0.17068017,48.019115,12.081315,7.234729
2024-09-07 18,14.712911,0.18031935,44.540825,12.343353,7.784184
2024-09-07 19,15.549488,0.18631853,41.926937,12.3584,8.14974
2024-09-07 20,14.552897,0.18444823,41.823067,12.030947,8.1447935
2024-09-07 21,13.045015,0.17848025,42.570244,11.874216,8.073739
2024-09-07 22,10.842435,0.16823065,43.92367,11.50519,7.754854
2024-09-07 23,8.482364,0.15612523,44.95551,11.03303,7.318858
2024-09-08 00,6.3084674,0.1433012,45.171963,10.460749,6.7416773
2024-09-08 01,5.5129976,0.14869969,43.03796,9.575899,6.656802
2024-09-08 02,4.400809,0.13793018,43.608227,8.695671,6.289555
2024-09-08 03,4.264451,0.13736364,43.264362,9.01657,6.440374
2024-09-08 04,4.264636,0.13378315,42.481647,9.146747,6.4319825
2024-09-08 05,5.498831,0.13855697,40.195786,9.035839,6.416484
2024-09-08 06,6.4935474,0.14208296,38.93067,9.226782,6.5031085
2024-09-08 07,6.9616714,0.14598338,39.443066,9.703503,6.733647
2024-09-08 08,5.821001,0.14379288,43.74264,10.157909,6.79578
2024-09-08 09,4.9672236,0.14232162,48.465958,10.9271965,7.0063024
2024-09-08 10,4.3149495,0.1404781,52.392124,11.1045,6.916518
2024-09-08 11,4.307863,0.14020951,54.569515,11.076071,6.741748
2024-09-08 12,4.543702,0.14019972,55.66145,11.092573,6.5296965
2024-09-08 13,5.0373564,0.14117599,56.073586,11.140599,6.3610654
2024-09-08 14,5.5195665,0.14247997,56.391678,11.133156,6.225587
2024-09-08 15,7.1090393,0.14835246,54.73298,11.230951,6.362989
2024-09-08 16,9.103448,0.15675,51.51814,11.044228,6.537433
2024-09-08 17,11.300654,0.16712296,47.384922,10.868242,6.853469
2024-09-08 18,13.012919,0.17627788,43.734253,10.781548,7.2142744
2024-09-08 19,13.865259,0.18224375,41.447117,10.765291,7.5449286
2024-09-08 20,13.475595,0.1826016,40.81091,10.680124,7.703264
2024-09-08 21,12.350867,0.17867354,40.785362,10.516937,7.706945
2024-09-08 22,10.276351,0.16964567,41.457664,10.033187,7.403816
2024-09-08 23,7.847397,0.15783459,42.349857,9.469381,6.939921
2024-09-09 00,5.4690166,0.14499931,43.28004,8.893389,6.3542156
2024-09-09 01,1.4032987,0.1294591,48.18366,7.888983,5.5374174
2024-09-09 02,2.079092,0.1266282,46.382164,7.3338833,5.5065765
2024-09-09 03,4.3965936,0.1314413,44.78762,8.321424,5.9096136
2024-09-09 04,7.6876283,0.14086618,40.580624,8.819202,5.9693966
2024-09-09 05,11.976037,0.1540048,35.326756,9.709566,6.0830507
2024-09-09 06,14.878364,0.16640002,33.02974,11.1845455,6.4685206
2024-09-09 07,14.976597,0.170827,35.547768,12.601168,6.8461185
2024-09-09 08,15.237445,0.17576125,38.10224,14.2964525,7.602582
2024-09-09 09,13.413438,0.17367998,42.995327,15.130831,8.026572
2024-09-09 10,10.760807,0.16663612,48.192894,14.60387,7.831223
2024-09-09 11,8.87343,0.1596189,52.313263,13.800859,7.3695197
2024-09-09 12,7.6429873,0.1543469,55.782257,13.189765,6.8973145
2024-09-09 13,7.097316,0.1511608,58.229984,12.79485,6.523236
2024-09-09 14,8.143866,0.15411527,57.76297,12.810452,6.5380006
2024-09-09 15,8.99319,0.1578836,56.38332,12.467143,6.524614
2024-09-09 16,10.146042,0.16328849,54.01354,11.917986,6.565516
2024-09-09 17,11.703376,0.17045897,51.14787,11.672029,6.807774
2024-09-09 18,13.050676,0.17743391,48.629196,11.67672,7.1904173
2024-09-09 19,13.723821,0.1814454,46.762115,11.768216,7.561303
2024-09-09 20,13.584947,0.18129724,45.311005,11.786022,7.788992
2024-09-09 21,11.670613,0.17327107,45.521492,11.2532835,7.5504165
2024-09-09 22,8.886932,0.1600075,46.820183,10.515559,7.0259266
2024-09-09 23,6.181339,0.14547421,48.43775,9.908237,6.4250045
2024-09-10 00,3.935932,0.13220279,49.6899,9.433603,5.8419704
2024-09-10 01,4.0292773,0.13748233,48.30348,9.891918,6.411377
2024-09-10 02,3.632366,0.1316738,46.039566,9.412504,6.483743
2024-09-10 03,4.0832624,0.13118757,43.925613,8.953334,6.141268
2024-09-10 04,7.153028,0.1370053,39.829784,8.959637,5.8380895
2024-09-10 05,11.417425,0.15077274,35.347263,9.703861,5.874447
2024-09-10 06,14.527199,0.16422722,32.797256,11.351358,6.4753284
2024-09-10 07,15.838563,0.1738303,32.386143,13.452771,7.389219
2024-09-10 08,14.446892,0.17447102,35.306347,14.382708,7.7728887
2024-09-10 09,11.357607,0.16770566,41.13052,14.225731,7.6480575
2024-09-10 10,9.067141,0.16092065,46.704777,13.64523,7.3470583
2024-09-10 11,7.6718926,0.15586787,51.255928,13.221888,7.085855
2024-09-10 12,6.897946,0.15246329,54.32313,13.124989,6.9288225
2024-09-10 13,6.8266563,0.15119196,55.331047,13.005259,6.7699957
2024-09-10 14,6.870927,0.15065399,55.33254,12.3623295,6.420362
2024-09-10 15,7.379082,0.15232384,54.5995,11.657455,6.1737323
2024-09-10 16,8.940066,0.15834774,52.489605,11.370985,6.3012614
2024-09-10 17,10.786644,0.16658388,49.67286,11.431927,6.720871
2024-09-10 18,12.255262,0.17401743,46.62941,11.548879,7.2133007
2024-09-10 19,12.833477,0.17774339,44.019203,11.391701,7.5036397
2024-09-10 20,11.911986,0.17490107,43.11032,10.819332,7.4157286
2024-09-10 21,9.828173,0.16608068,43.94446,10.193906,7.1036434
2024-09-10 22,7.375389,0.15428928,45.526222,9.766275,6.7508955
2024-09-10 23,4.949602,0.14163832,46.955757,9.354109,6.3359294
2024-09-11 00,2.7922719,0.12936534,47.524803,8.838383,5.814815
2024-09-11 01,2.9364786,0.1308464,46.72925,9.496603,6.4031734
2024-09-11 02,1.4703404,0.123540066,45.274826,8.705182,6.232764
2024-09-11 03,1.7880694,0.12218616,43.66579,8.144659,5.906549
2024-09-11 04,5.2783732,0.12929474,39.757523,8.208714,5.593848
2024-09-11 05,10.146088,0.14503047,34.835068,9.066411,5.7310996
2024-09-11 06,13.204814,0.15802604,31.979301,10.658316,6.2935357
2024-09-11 07,14.480554,0.1675476,31.348026,12.7359495,7.200782
2024-09-11 08,12.772082,0.1669735,34.467857,13.473776,7.4690156
2024-09-11 09,10.213799,0.16177249,39.737675,13.395454,7.411973
2024-09-11 10,8.552685,0.15692803,44.584976,12.977853,7.199713
2024-09-11 11,7.576181,0.15339537,48.328964,12.653342,6.997763
2024-09-11 12,6.768898,0.14978907,50.91173,12.476549,6.774383
2024-09-11 13,6.616461,0.1482156,51.73821,12.284567,6.5594463
2024-09-11 14,6.501552,0.1470206,52.02321,11.611526,6.1658955
2024-09-11 15,7.325933,0.14967205,51.149834,11.103634,6.026113
2024-09-11 16,9.093635,0.15651815,48.904858,10.976967,6.238041
2024-09-11 17,10.922351,0.16494176,46.062798,11.071379,6.681256
2024-09-11 18,12.123993,0.17157832,43.284134,11.118583,7.1217613
2024-09-11 19,12.442423,0.17451805,41.179485,10.942985,7.384345
2024-09-11 20,11.308093,0.17100684,40.9416,10.420071,7.304542
2024-09-11 21,9.347246,0.1627173,41.99438,9.930904,7.0764513
2024-09-11 22,7.0105934,0.15146501,43.529163,9.490256,6.7367206
2024-09-11 23,4.527356,0.13872316,44.91632,8.964135,6.2707872
2024-09-12 00,2.1789045,0.12572588,45.61141,8.316671,5.6633716
2024-09-12 01,2.135629,0.124066874,45.46054,8.877274,6.1257777
2024-09-12 02,0.719844,0.11739596,44.708992,8.307605,5.9385366
2024-09-12 03,1.4534208,0.11756001,42.91604,7.9819336,5.8077145
2024-09-12 04,4.625383,0.12385802,39.244728,8.045159,5.5148916
2024-09-12 05,9.341606,0.13907915,34.2487,8.805887,5.65271
2024-09-12 06,12.269769,0.15084434,31.530436,10.214581,6.099318
2024-09-12 07,13.840296,0.1608867,30.887726,12.247475,6.9750724
2024-09-12 08,12.58594,0.16149952,33.796726,13.137653,7.30037
2024-09-12 09,10.585421,0.1583014,38.31642,13.255648,7.350744
2024-09-12 10,8.889827,0.15361999,42.82019,12.810161,7.112733
2024-09-12 11,7.879201,0.14999399,46.24972,12.379242,6.8501754
2024-09-12 12,7.0508466,0.14612825,48.7502,12.085515,6.5443854
2024-09-12 13,7.0413337,0.14488086,49.475147,11.910967,6.3250294
2024-09-12 14,7.12803,0.14433959,49.51272,11.351919,5.98015
2024-09-12 15,8.0925665,0.1476542,48.296593,10.914469,5.88241
2024-09-12 16,9.706115,0.1542574,46.115112,10.74096,6.0662227
2024-09-12 17,11.477805,0.16264948,43.464905,10.845079,6.5077353
2024-09-12 18,12.695954,0.16951135,41.03013,10.979179,6.979685
2024-09-12 19,13.130458,0.17307803,39.19461,10.969244,7.3253093
2024-09-12 20,12.126131,0.17024073,39.012356,10.582396,7.3215914
2024-09-12 21,10.202419,0.1622523,40.02445,10.095881,7.1034875
2024-09-12 22,7.748932,0.15057722,41.681004,9.541352,6.6961665
2024-09-12 23,5.2532697,0.13752969,43.193954,8.945187,6.1724443
2024-09-13 00,2.9854546,0.12447721,43.992226,8.286806,5.537327
2024-09-13 01,2.7684758,0.12320144,43.362286,8.350528,5.784185
2024-09-13 02,2.182288,0.11846683,42.90034,8.060274,5.6844735
2024-09-13 03,3.1949823,0.12009965,41.346836,8.16198,5.7805557
2024-09-13 04,5.5633383,0.12433942,38.443718,8.381948,5.6452594
2024-09-13 05,9.498401,0.13713036,33.977337,9.029364,5.810915
2024-09-13 06,12.109128,0.14720081,31.50284,10.118254,6.1572924
2024-09-13 07,13.658883,0.15634783,31.04247,11.777743,6.8717284
2024-09-13 08,12.7626505,0.15740144,34.129963,12.760691,7.223996
2024-09-13 09,10.95041,0.15451588,38.792828,13.111465,7.339991
2024-09-13 10,9.117638,0.14937076,43.437218,12.755438,7.1044064
2024-09-13 11,8.108829,0.14558756,46.6732,12.277164,6.7997646
2024-09-13 12,7.4398737,0.14206572,48.883484,11.885281,6.439671
2024-09-13 13,7.567424,0.14113438,49.521503,11.692797,6.1971426
2024-09-13 14,7.8359504,0.1412118,49.518337,11.303015,5.9224925
2024-09-13 15,8.8292675,0.14474082,48.32303,10.968457,5.8658166
2024-09-13 16,10.414769,0.15139243,46.08463,10.759996,6.0407066
2024-09-13 17,12.34155,0.16039719,43.133965,10.796474,6.469909
2024-09-13 18,13.85336,0.16847524,40.371025,10.917604,6.959401
2024-09-13 19,14.606355,0.1734752,38.302097,11.001973,7.370177
2024-09-13 20,13.944883,0.1722178,37.82796,10.787706,7.470556
2024-09-13 21,12.215229,0.16527574,38.590874,10.382816,7.306037
2024-09-13 22,9.839357,0.15412718,40.061714,9.8129425,6.898769
2024-09-13 23,7.435915,0.14147562,41.431976,9.182886,6.356503
2024-09-14 00,5.280709,0.1287937,42.20233,8.514879,5.7102547
2024-09-14 01,6.850602,0.13747464,39.070164,9.296663,6.413582
2024-09-14 02,5.1465125,0.13019125,38.16244,8.53509,6.1712146
2024-09-14 03,5.015251,0.1278866,37.394615,8.4351225,6.218421
2024-09-14 04,5.6368384,0.12899728,36.372314,8.404661,6.0685887
2024-09-14 05,6.942741,0.1334962,35.21573,8.4704685,6.043733
2024-09-14 06,8.462617,0.14034729,34.24292,9.352865,6.456822
2024-09-14 07,10.082275,0.14898042,33.571873,10.733205,7.2394886
2024-09-14 08,8.599904,0.14723517,37.480587,11.073973,7.3282623
2024-09-14 09,7.5298247,0.14577086,42.329613,11.5361805,7.452287
2024-09-14 10,6.772203,0.14393608,47.170143,11.675832,7.3261113
2024-09-14 11,6.5518513,0.14370547,50.771225,11.753099,7.2077556
2024-09-14 12,6.962945,0.14477885,52.260513,12.065032,7.1888647
2024-09-14 13,7.875052,0.1477238,51.813572,12.270547,7.173636
2024-09-14 14,8.173624,0.14889999,51.65482,11.93819,6.907672
2024-09-14 15,9.682203,0.15475947,50.04618,11.930757,6.98807
2024-09-14 16,11.742106,0.16375163,47.44664,12.000875,7.2661657
2024-09-14 17,14.066174,0.17516252,43.993896,12.227472,7.794325
2024-09-14 18,16.088974,0.18600456,40.26836,12.543489,8.412014
2024-09-14 19,17.098618,0.19305871,37.47828,12.659759,8.868396
2024-09-14 20,16.291477,0.19227394,37.074417,12.4222355,8.952741
2024-09-14 21,14.655824,0.18618946,37.87716,12.208768,8.872047
2024-09-14 22,12.282684,0.17544954,39.43865,11.776707,8.524102
2024-09-14 23,9.822354,0.16287073,40.658077,11.231884,8.040887
2024-09-15 00,7.640893,0.14998479,40.975365,10.612335,7.438964
2024-09-15 01,6.7614884,0.15531021,38.870525,9.730455,7.326315
2024-09-15 02,6.045276,0.14598122,38.747948,8.835371,6.9845757
2024-09-15 03,6.0324283,0.14560641,38.15599,9.149839,7.13645
2024-09-15 04,6.033726,0.1422549,37.366077,9.329941,7.1583085
2024-09-15 05,7.12059,0.14640054,35.404057,9.287865,7.156214
2024-09-15 06,7.984518,0.14967024,34.52109,9.508628,7.2499695
2024-09-15 07,8.310784,0.15305859,35.3902,10.025801,7.4879813
2024-09-15 08,7.1840267,0.15081996,39.73252,10.5376835,7.5801654
2024-09-15 09,6.0070415,0.1481472,44.9933,11.32114,7.769845
2024-09-15 10,5.056327,0.14498983,49.621243,11.545324,7.660871
2024-09-15 11,4.8749604,0.14371343,52.463055,11.5556135,7.4518485
2024-09-15 12,5.075289,0.14324322,53.956055,11.597255,7.216803
2024-09-15 13,5.6073427,0.14407104,54.450058,11.681698,7.044536
2024-09-15 14,6.1912456,0.14558598,54.607723,11.723646,6.931744
2024-09-15 15,7.6904244,0.15111627,53.082306,11.84065,7.070175
2024-09-15 16,9.713625,0.15956768,49.982975,11.712741,7.2784686
2024-09-15 17,12.050747,0.17041725,45.792843,11.574808,7.6301994
2024-09-15 18,13.9742155,0.18047458,41.80699,11.489404,8.030722
2024-09-15 19,15.014631,0.18733723,39.00513,11.441239,8.390832
2024-09-15 20,14.7262125,0.1883971,37.992214,11.324322,8.569757
2024-09-15 21,13.49023,0.18429984,38.02587,11.107195,8.552586
2024-09-15 22,11.33271,0.175074,38.89567,10.6056185,8.234049
2024-09-15 23,8.879738,0.16318414,39.91049,10.003636,7.742538
2024-09-16 00,6.5159645,0.1503675,40.751507,9.3719635,7.127717
2024-09-16 01,2.3247235,0.13455819,45.412598,8.31595,6.2846823
2024-09-16 02,3.223121,0.13203914,42.950844,7.488803,6.1627274
2024-09-16 03,5.745617,0.13737665,41.18847,8.430546,6.539635
2024-09-16 04,9.39279,0.14791456,36.811687,9.042324,6.6428432
2024-09-16 05,13.949791,0.16218731,31.39389,10.0763035,6.82459
2024-09-16 06,16.934303,0.17517118,28.96649,11.6471,7.2572765
2024-09-16 07,16.937721,0.17974254,31.52223,13.125969,7.6629896
2024-09-16 08,16.981361,0.18408147,34.36795,14.796218,8.396585
2024-09-16 09,14.760708,0.18070368,40.059494,15.67147,8.809869
2024-09-16 10,11.803306,0.1723451,45.961296,15.168793,8.601981
2024-09-16 11,9.654648,0.1641142,50.628803,14.31625,8.093976
2024-09-16 12,8.294129,0.15800855,54.366375,13.605332,7.547836
2024-09-16 13,7.742904,0.15446766,56.88744,13.13171,7.1046233
2024-09-16 14,8.817677,0.15732902,56.501347,13.116228,7.0789323
2024-09-16 15,9.687105,0.16115235,55.297565,12.82404,7.0786757
2024-09-16 16,10.965611,0.16704096,52.868954,12.337595,7.166592
2024-09-16 17,12.67464,0.17491691,49.748215,12.104659,7.4503465
2024-09-16 18,14.227859,0.18279406,46.79003,12.080431,7.8612156
2024-09-16 19,15.101701,0.18772307,44.4664,12.134296,8.249643
2024-09-16 20,15.063247,0.18817449,42.778683,12.130819,8.489418
2024-09-16 21,13.14268,0.18027517,42.962513,11.598896,8.25781
2024-09-16 22,10.327055,0.16692565,44.223137,10.83313,7.7210574
2024-09-16 23,7.5557637,0.15215836,45.786064,10.151791,7.0839386
2024-09-17 00,5.2852654,0.13870889,46.935535,9.598892,6.4598527
2024-09-17 01,5.278424,0.14388159,45.495922,10.020508,6.978963
2024-09-17 02,5.1932025,0.13901404,42.74957,9.474713,7.0513196
2024-09-17 03,5.958171,0.13950202,40.243298,9.036852,6.7290697
2024-09-17 04,9.283453,0.1462534,35.79368,9.091728,6.448406
2024-09-17 05,13.6806965,0.1606039,31.172962,9.918551,6.508408
2024-09-17 06,16.81971,0.17444444,28.709185,11.658136,7.1315536
2024-09-17 07,18.016396,0.18401204,28.60899,13.855639,8.068296
2024-09-17 08,16.48289,0.18436225,31.80345,14.850203,8.471289
2024-09-17 09,13.007702,0.1764075,38.166946,14.689091,8.327155
2024-09-17 10,10.246396,0.16789138,44.428368,14.040929,7.9729652
2024-09-17 11,8.530706,0.16138524,49.599064,13.537464,7.643311
2024-09-17 12,7.67582,0.15726613,53.00227,13.378834,7.426216
2024-09-17 13,7.648836,0.15585291,54.092304,13.230339,7.227919
2024-09-17 14,7.784822,0.1555409,53.980797,12.583523,6.8664303
2024-09-17 15,8.293256,0.15729222,53.194077,11.865847,6.612207
2024-09-17 16,9.880325,0.1635054,51.011887,11.574091,6.7482786
2024-09-17 17,11.856858,0.17231031,48.025715,11.652241,7.1963
2024-09-17 18,13.536819,0.18066019,44.665646,11.7864,7.724518
2024-09-17 19,14.276168,0.18522522,41.71871,11.634829,8.04193
2024-09-17 20,13.3859625,0.18276386,40.57955,11.046517,7.95864
2024-09-17 21,11.154878,0.1735722,41.434975,10.376365,7.6173444
2024-09-17 22,8.573091,0.16125149,43.08152,9.895512,7.2223425
2024-09-17 23,6.0535502,0.14816436,44.59826,9.464404,6.782212
2024-09-18 00,3.8665025,0.1356908,45.154564,8.924242,6.243256
2024-09-18 01,3.9260106,0.13693051,44.298187,9.572915,6.802343
2024-09-18 02,2.6194162,0.13004702,42.53275,8.736172,6.6234913
2024-09-18 03,3.001805,0.12880848,40.816006,8.147316,6.270793
2024-09-18 04,6.5668344,0.13613085,36.859024,8.221725,5.9435625
2024-09-18 05,11.539126,0.15225501,31.928455,9.157091,6.0941577
2024-09-18 06,14.691042,0.16579375,29.092937,10.842047,6.684729
2024-09-18 07,15.952142,0.17554379,28.551863,13.003827,7.6139174
2024-09-18 08,14.167808,0.17494701,31.774336,13.794593,7.8946486
2024-09-18 09,11.311622,0.16886972,37.422012,13.702204,7.811149
2024-09-18 10,9.362365,0.16295084,42.682476,13.242925,7.5641327
2024-09-18 11,8.231046,0.15866119,46.710373,12.890527,7.3361554
2024-09-18 12,7.3878393,0.15472282,49.405403,12.682219,7.089413
2024-09-18 13,7.249692,0.15302905,50.205105,12.455539,6.8478947
2024-09-18 14,7.1805077,0.15194021,50.37323,11.750917,6.433943
2024-09-18 15,7.988072,0.15459707,49.48879,11.207839,6.273375
2024-09-18 16,9.798455,0.16169846,47.20995,11.082943,6.492621
2024-09-18 17,11.727624,0.17063847,44.269424,11.208893,6.9636583
2024-09-18 18,13.016698,0.17781131,41.3738,11.275789,7.4280596
2024-09-18 19,13.332029,0.18094243,39.214455,11.096302,7.6935883
2024-09-18 20,12.090071,0.17716375,39.043262,10.550037,7.5952396
2024-09-18 21,9.929745,0.16813833,40.326633,10.0219755,7.330064
2024-09-18 22,7.45661,0.15624245,42.06326,9.560492,6.9645667
2024-09-18 23,4.9283237,0.14314064,43.534676,9.022413,6.4834104
2024-09-19 00,2.5724688,0.12991756,44.23512,8.352185,5.8583775
2024-09-19 01,2.4745612,0.12790811,44.091473,8.884222,6.289753
2024-09-19 02,1.0761527,0.12119318,43.33745,8.309462,6.090557
2024-09-19 03,1.7685676,0.12109874,41.648197,7.976206,5.937751
2024-09-19 04,4.9347954,0.12733595,38.051765,8.051854,5.638399
2024-09-19 05,9.699258,0.14269435,33.04424,8.837671,5.7780128
2024-09-19 06,12.684772,0.15472771,30.272964,10.267967,6.2282023
2024-09-19 07,14.258015,0.1648647,29.62042,12.321326,7.102025
2024-09-19 08,12.984455,0.16549423,32.55357,13.245078,7.4320784
2024-09-19 09,10.888425,0.16199213,37.19511,13.377922,7.47705
2024-09-19 10,9.118833,0.1570043,41.787544,12.937513,7.236265
2024-09-19 11,8.081322,0.15319209,45.226124,12.499089,6.968886
2024-09-19 12,7.2482395,0.1492417,47.70089,12.18417,6.652752
2024-09-19 13,7.238321,0.14795028,48.4032,11.9896755,6.4209213
2024-09-19 14,7.3436694,0.14749451,48.415955,11.42478,6.0721025
2024-09-19 15,8.31391,0.15090752,47.20918,10.981869,5.9722667
2024-09-19 16,9.957421,0.15773554,45.00728,10.811841,6.1636214
2024-09-19 17,11.755592,0.16637567,42.32737,10.919823,6.61352
2024-09-19 18,12.9576025,0.17334393,39.923523,11.053022,7.0878925
2024-09-19 19,13.318133,0.17675145,38.203827,11.040556,7.428039
2024-09-19 20,12.205119,0.17353593,38.196674,10.649142,7.4131227
2024-09-19 21,10.163715,0.1650293,39.406754,10.146042,7.1761503
2024-09-19 22,7.6461606,0.15295056,41.192207,9.572142,6.7517614
2024-09-19 23,5.1330767,0.13963932,42.762127,8.954293,6.2112613
2024-09-20 00,2.853103,0.12633663,43.618095,8.279617,5.559376
2024-09-20 01,2.607423,0.12479099,43.076607,8.331762,5.7899528
2024-09-20 02,2.0077205,0.119951695,42.718674,8.074205,5.6942363
2024-09-20 03,2.9772272,0.12135551,41.257435,8.17709,5.780384
2024-09-20 04,5.3094115,0.12544097,38.40595,8.388987,5.6357317
2024-09-20 05,9.226029,0.13813026,33.947002,9.022406,5.789916
2024-09-20 06,11.832516,0.14817792,31.456089,10.100464,6.126983
2024-09-20 07,13.385339,0.1573116,30.965347,11.759394,6.8358383
2024-09-20 08,12.515428,0.1584247,33.98593,12.760672,7.192219
2024-09-20 09,10.731567,0.15557823,38.555126,13.123136,7.308873
2024-09-20 10,8.93589,0.15051216,43.088707,12.782445,7.077363
2024-09-20 11,7.959763,0.14682032,46.232754,12.319663,6.7785125
2024-09-20 12,7.3069315,0.14337783,48.40361,11.942095,6.4259076
2024-09-20 13,7.4422536,0.14252067,49.03764,11.763382,6.1924314
2024-09-20 14,7.72492,0.14271943,49.026497,11.384737,5.9276047
2024-09-20 15,8.727912,0.14637245,47.818787,11.049377,5.8750386
2024-09-20 16,10.315705,0.15314761,45.577244,10.837521,6.0522146
2024-09-20 17,12.220659,0.16220497,42.66789,10.871252,6.481621
2024-09-20 18,13.678901,0.17020841,40.011925,10.992296,6.9695115
2024-09-20 19,14.357936,0.17500421,38.085724,11.076313,7.3764143
2024-09-20 20,13.622598,0.17347029,37.750317,10.855667,7.4697795
2024-09-20 21,11.834166,0.1662345,38.629562,10.43499,7.2941613
2024-09-20 22,9.429983,0.15485267,40.18418,9.849005,6.876229
2024-09-20 23,7.0199986,0.1420218,41.618664,9.2082405,6.325139
2024-09-21 00,4.86137,0.12916504,42.45913,8.537819,5.672097
2024-09-21 01,6.4484715,0.13778679,39.382416,9.315233,6.3756347
2024-09-21 02,4.746811,0.13041,38.551468,8.579314,6.1313314
2024-09-21 03,4.588562,0.12793986,37.841557,8.471766,6.1689396
2024-09-21 04,5.1905727,0.12892438,36.84619,8.437698,6.0130982
2024-09-21 05,6.5072722,0.13339496,35.66103,8.50387,5.985721
2024-09-21 06,8.044553,0.1402493,34.635117,9.384243,6.3952518
2024-09-21 07,9.694652,0.14893812,33.877808,10.763973,7.175225
2024-09-21 08,8.24771,0.14727028,37.67456,11.108422,7.2615366
2024-09-21 09,7.22339,0.14591329,42.377388,11.571995,7.38344
2024-09-21 10,6.518287,0.14424148,47.06709,11.725658,7.262977
2024-09-21 11,6.3497715,0.14421196,50.53446,11.823773,7.156547
2024-09-21 12,6.7861323,0.14544098,51.95268,12.153013,7.149631
2024-09-21 13,7.7098374,0.14852588,51.483044,12.372852,7.1467404
2024-09-21 14,8.010257,0.14982711,51.32822,12.049521,6.890807
2024-09-21 15,9.520082,0.1558119,49.72393,12.0459585,6.978827
2024-09-21 16,11.571767,0.16491146,47.143364,12.1198,7.263578
2024-09-21 17,13.868562,0.17636281,43.74063,12.348629,7.79607
2024-09-21 18,15.835693,0.18712068,40.11437,12.662168,8.413092
2024-09-21 19,16.779232,0.19400015,37.444817,12.772598,8.865742
2024-09-21 20,15.912143,0.19299522,37.153934,12.523895,8.943467
2024-09-21 21,14.242617,0.18672086,38.035393,12.296601,8.8562155
2024-09-21 22,11.862679,0.17585307,39.644222,11.852455,8.50327
2024-09-21 23,9.411173,0.16318177,40.89717,11.2994585,8.016025
2024-09-22 00,7.234778,0.15018225,41.258797,10.674147,7.408702
2024-09-22 01,6.3736644,0.15545084,39.20675,9.787081,7.291172
2024-09-22 02,5.685886,0.14612962,39.10911,8.894833,6.9430094
2024-09-22 03,5.6594343,0.14567932,38.54903,9.196139,7.084066
2024-09-22 04,5.6477256,0.14224257,37.767212,9.370468,7.1005974
2024-09-22 05,6.7513704,0.14640625,35.765263,9.329538,7.097325
2024-09-22 06,7.6373506,0.14972027,34.826275,9.548171,7.188622
2024-09-22 07,7.9948072,0.15318273,35.61337,10.061384,7.422978
2024-09-22 08,6.911606,0.15105979,39.83717,10.570747,7.5117784
2024-09-22 09,5.7672796,0.14848219,44.97611,11.351589,7.698536
2024-09-22 10,4.856499,0.1454647,49.477566,11.584517,7.5944567
2024-09-22 11,4.7157154,0.14435989,52.209366,11.609446,7.3954296
2024-09-22 12,4.9335337,0.14402281,53.646683,11.661316,7.1696777
2024-09-22 13,5.4727426,0.14496319,54.119114,11.753256,7.006192
2024-09-22 14,6.0601335,0.14659135,54.267467,11.800278,6.9011006
2024-09-22 15,7.553713,0.15221524,52.746426,11.919468,7.0454197
2024-09-22 16,9.567587,0.16075572,49.663387,11.796782,7.260588
2024-09-22 17,11.880886,0.17164378,45.519722,11.663317,7.617207
2024-09-22 18,13.757058,0.18163809,41.621983,11.577017,8.017832
2024-09-22 19,14.742324,0.18836002,38.92255,11.524521,8.375078
2024-09-22 20,14.403154,0.18923856,38.00597,11.398466,8.548522
2024-09-22 21,13.131186,0.18496256,38.120003,11.168883,8.524841
2024-09-22 22,10.962767,0.17560925,39.045532,10.656972,8.201275
2024-09-22 23,8.514401,0.16362445,40.1033,10.045759,7.704512
2024-09-23 00,6.155217,0.150705,40.988297,9.4054165,7.083192
2024-09-23 01,1.9697176,0.13472883,45.71563,8.335445,6.2254457
2024-09-23 02,2.853157,0.13215223,43.317852,7.5127087,6.102496
2024-09-23 03,5.3447385,0.13737689,41.602386,8.446599,6.471526
2024-09-23 04,8.953421,0.14782925,37.249905,9.042835,6.567206
2024-09-23 05,13.463546,0.16195759,31.8486,10.052511,6.738455
2024-09-23 06,16.417067,0.17483465,29.405872,11.594309,7.1595817
2024-09-23 07,16.425838,0.17936684,31.899975,13.0464735,7.554875
2024-09-23 08,16.524616,0.18382074,34.624317,14.71279,8.288618
2024-09-23 09,14.396055,0.18069555,40.146744,15.59896,8.706804
2024-09-23 10,11.541947,0.1726689,45.867428,15.126971,8.512232
2024-09-23 11,9.463318,0.16470453,50.404446,14.308128,8.019833
2024-09-23 12,8.132405,0.15876153,54.08151,13.6234865,7.4893055
2024-09-23 13,7.588181,0.15531415,56.592632,13.16943,7.061016
2024-09-23 14,8.670706,0.15827797,56.20933,13.170953,7.0497303
2024-09-23 15,9.544444,0.16220804,55.01201,12.888088,7.0583825
2024-09-23 16,10.815323,0.16817528,52.602093,12.406959,7.1506915
2024-09-23 17,12.488735,0.17603175,49.541084,12.173199,7.4331746
2024-09-23 18,13.9856615,0.18379733,46.6832,12.145957,7.840276
2024-09-23 19,14.8005085,0.18856461,44.47272,12.197364,8.22528
2024-09-23 20,14.719449,0.18886903,42.87986,12.190949,8.463105
2024-09-23 21,12.775734,0.18085304,43.1322,11.651154,8.228445
2024-09-23 22,9.956501,0.16741684,44.437424,10.875694,7.687881
2024-09-23 23,7.1858344,0.15255035,46.04347,10.184591,7.0453186
2024-09-24 00,4.9160624,0.13899359,47.239723,9.626125,6.4162745
2024-09-24 01,4.926049,0.14408489,45.85601,10.046539,6.933778
2024-09-24 02,4.849573,0.13919266,43.120785,9.491118,6.995047
2024-09-24 03,5.5700107,0.13956565,40.651653,9.032881,6.6600733
2024-09-24 04,8.84465,0.14616217,36.231453,9.069761,6.371163
2024-09-24 05,13.198243,0.16037564,31.626554,9.879665,6.4246163
2024-09-24 06,16.314577,0.1741268,29.141245,11.597354,7.0412393
2024-09-24 07,17.523914,0.18368165,28.963161,13.769213,7.96984
2024-09-24 08,16.048792,0.184156,32.012833,14.744339,8.366165
2024-09-24 09,12.652739,0.17640364,38.21335,14.587041,8.222424
2024-09-24 10,9.98633,0.16816996,44.3092,13.969883,7.8805056
2024-09-24 11,8.339075,0.16190766,49.360256,13.502801,7.567288
2024-09-24 12,7.515221,0.15794778,52.69824,13.370011,7.365783
2024-09-24 13,7.4949985,0.15662506,53.764225,13.235161,7.1795125
2024-09-24 14,7.6310334,0.15638989,53.650833,12.597618,6.8277383
2024-09-24 15,8.1326885,0.1581991,52.883617,11.890959,6.581614
2024-09-24 16,9.708705,0.16445655,50.735336,11.61179,6.7248325
2024-09-24 17,11.651317,0.17323154,47.8165,11.6953335,7.174768
2024-09-24 18,13.280645,0.18148004,44.54614,11.827421,7.700646
2024-09-24 19,13.968359,0.18590483,41.69384,11.6700535,8.013893
2024-09-24 20,13.041464,0.18331522,40.639343,11.076184,7.9275165
2024-09-24 21,10.794043,0.17402436,41.562016,10.40154,7.584623
2024-09-24 22,8.215807,0.16164033,43.25323,9.916462,7.1885524
