id,valeur_CO,valeur_NO2,valeur_O3,valeur_PM10,valeur_PM25
2023-09-03 00:00:00,0.1711256066291043,20.697702139503413,48.909726358748415,19.150248064440554,11.130180817050846
2023-09-03 01:00:00,0.16994368130097331,20.312718142553933,48.909726358748415,19.150248064440554,11.130180817050846
2023-09-03 02:00:00,0.16994368130097331,18.515322634730605,48.6359648356905,19.150248064440554,11.130180817050846
2023-09-03 03:00:00,0.16994368130097331,18.242855847771406,47.99568503536198,19.150248064440554,11.130180817050846
2023-09-03 04:00:00,0.16994368130097331,18.211947878495618,42.912629887453804,19.150248064440554,11.130180817050846
2023-09-03 05:00:00,0.16994368130097331,17.232059957642672,41.390783059793,19.150248064440554,11.130180817050846
2023-09-03 06:00:00,0.17167800097037494,17.232059957642672,41.390783059793,19.150248064440554,11.130180817050846
2023-09-03 07:00:00,0.17213165349046522,17.05692973446832,42.99099392414172,19.150248064440554,11.130180817050846
2023-09-03 08:00:00,0.17213165349046522,16.454904016722082,46.165259694503284,19.150248064440554,11.130180817050846
2023-09-03 09:00:00,0.17016595637668538,16.35518056760455,60.19384883745429,19.150248064440554,11.130180817050846
2023-09-03 10:00:00,0.164135312274404,14.917066327034146,70.44080219142812,19.150248064440554,11.130180817050846
2023-09-03 11:00:00,0.1579610618381176,14.14459993172668,75.98473391453376,19.150248064440554,11.130180817050846
2023-09-03 12:00:00,0.1549233128129208,14.14459993172668,79.10494269062544,19.150248064440554,11.130180817050846
2023-09-03 13:00:00,0.1544198393224382,14.14459993172668,79.65231820382664,19.150248064440554,11.130180817050846
2023-09-03 14:00:00,0.1544198393224382,14.14459993172668,79.65231820382664,19.150248064440554,11.130180817050846
2023-09-03 15:00:00,0.1544198393224382,14.14459993172668,79.65231820382664,19.150248064440554,11.130180817050846
2023-09-03 16:00:00,0.16257884783370904,15.023409501203174,79.65231820382664,19.150248064440554,11.130180817050846
2023-09-03 17:00:00,0.18526488106066716,20.02052782208437,76.77981992211289,19.150248064440554,11.130180817050846
2023-09-03 18:00:00,0.2152167905989345,22.15187498748584,72.86721187718858,19.150248064440554,11.130180817050846
2023-09-03 19:00:00,0.2135006458766486,23.608624736326977,66.72417930157292,19.150248064440554,11.130180817050846
2023-09-03 20:00:00,0.2135006458766486,24.334847080038685,59.127637977822175,19.150248064440554,11.130180817050846
2023-09-03 21:00:00,0.2135006458766486,24.124919753804654,55.36832973052998,19.150248064440554,11.130180817050846
2023-09-03 22:00:00,0.190836854360612,24.22840881617476,55.36832973052998,19.150248064440554,11.130180817050846
2023-09-03 23:00:00,0.18363301603430845,22.804357595681015,55.36832973052998,19.150248064440554,11.130180817050846
2023-09-04 00:00:00,0.17076707864695814,19.640865277417358,49.64991443470601,19.193739533463564,11.130180817050846
2023-09-04 01:00:00,0.16958515331882715,19.640865277417358,49.64991443470601,19.193739533463564,11.130180817050846
2023-09-04 02:00:00,0.16958515331882715,19.640865277417358,49.64991443470601,19.193739533463564,11.130180817050846
2023-09-04 03:00:00,0.16958515331882715,19.640865277417358,48.58384873268355,19.193739533463564,11.130180817050846
2023-09-04 04:00:00,0.16958515331882715,25.33315356523075,39.58118117524596,19.193739533463564,11.130180817050846
2023-09-04 05:00:00,0.17467506898014404,34.511988627832714,35.869812848440375,19.193739533463564,11.130180817050846
2023-09-04 06:00:00,0.19476539493002806,36.07145550822763,35.869812848440375,19.519891400497386,11.130180817050846
2023-09-04 07:00:00,0.2052261582128734,36.07145550822763,36.55139890195403,19.519891400497386,11.130180817050846
2023-09-04 08:00:00,0.2052261582128734,35.15288635558093,42.60904309490796,19.519891400497386,11.130180817050846
2023-09-04 09:00:00,0.20098212922901282,28.292130585231586,58.08499360622957,19.519891400497386,11.130180817050846
2023-09-04 10:00:00,0.180964852386901,19.86741376608636,69.86107725877646,19.519891400497386,11.130180817050846
2023-09-04 11:00:00,0.17048047599569088,16.109554185928477,75.98473391453376,19.519891400497386,11.130180817050846
2023-09-04 12:00:00,0.16538441573919987,16.00145614912174,79.10494269062544,19.332903918289215,11.130180817050846
2023-09-04 13:00:00,0.16488094224871727,16.00145614912174,79.65231820382664,19.332903918289215,11.130180817050846
2023-09-04 14:00:00,0.16488094224871727,16.00145614912174,79.65231820382664,19.332903918289215,11.130180817050846
2023-09-04 15:00:00,0.16488094224871727,16.00145614912174,79.65231820382664,19.332903918289215,11.130180817050846
2023-09-04 16:00:00,0.17303995075998813,17.350058585063838,79.65231820382664,19.332903918289215,11.130180817050846
2023-09-04 17:00:00,0.1988593721688787,20.38364107833299,76.40756179684826,19.332903918289215,11.130180817050846
2023-09-04 18:00:00,0.22881128170714604,22.77538116359847,72.49495375192394,19.332903918289215,11.130180817050846
2023-09-04 19:00:00,0.22709513698486014,24.33121723917637,66.35192117630828,19.332903918289215,11.130180817050846
2023-09-04 20:00:00,0.22709513698486014,25.057439582888083,58.75537985255754,19.332903918289215,11.130180817050846
2023-09-04 21:00:00,0.22709513698486014,24.847512256654053,55.33693526673214,19.332903918289215,11.130180817050846
2023-09-04 22:00:00,0.19849733986478815,24.756203700260205,55.33693526673214,19.332903918289215,11.130180817050846
2023-09-04 23:00:00,0.19307265646555594,23.33215247976646,55.33693526673214,19.332903918289215,11.130180817050846
2023-09-05 00:00:00,0.17203626984678863,21.1778843496536,49.34368371910318,19.193739533463564,11.130180817050846
2023-09-05 01:00:00,0.17085434451865764,21.1778843496536,49.34368371910318,19.193739533463564,11.130180817050846
2023-09-05 02:00:00,0.17085434451865764,21.1778843496536,49.06992219604527,19.193739533463564,11.130180817050846
2023-09-05 03:00:00,0.17085434451865764,21.1778843496536,48.003856494022806,19.193739533463564,11.130180817050846
2023-09-05 04:00:00,0.17085434451865764,27.68727781818838,39.196248179557905,19.193739533463564,11.130180817050846
2023-09-05 05:00:00,0.17594426017997453,37.13972299540792,35.869812848440375,19.193739533463564,11.130180817050846
2023-09-05 06:00:00,0.19603458612985855,38.99686894925372,35.869812848440375,19.519891400497386,11.130180817050846
2023-09-05 07:00:00,0.2064953494127039,38.99686894925372,36.55139890195403,19.519891400497386,11.130180817050846
2023-09-05 08:00:00,0.2064953494127039,37.660921435914155,42.60904309490796,19.519891400497386,11.130180817050846
2023-09-05 09:00:00,0.2022513204288433,29.687598640333697,58.08499360622957,19.519891400497386,11.130180817050846
2023-09-05 10:00:00,0.18223404358673148,20.971667471897344,69.86107725877646,19.519891400497386,11.130180817050846
2023-09-05 11:00:00,0.17174966719552137,16.955280975900905,75.98473391453376,19.519891400497386,11.130180817050846
2023-09-05 12:00:00,0.16665360693903036,16.39212178000029,79.10494269062544,19.332903918289215,11.130180817050846
2023-09-05 13:00:00,0.16615013344854776,16.39212178000029,79.65231820382664,19.332903918289215,11.130180817050846
2023-09-05 14:00:00,0.16615013344854776,16.39212178000029,79.65231820382664,19.332903918289215,11.130180817050846
2023-09-05 15:00:00,0.16615013344854776,16.39212178000029,79.65231820382664,19.332903918289215,11.130180817050846
2023-09-05 16:00:00,0.17430914195981861,18.150329037994325,79.65231820382664,19.332903918289215,11.130180817050846
2023-09-05 17:00:00,0.20012856336870918,21.266212888760904,76.40756179684826,19.332903918289215,11.130180817050846
2023-09-05 18:00:00,0.23008047290697653,23.92339157014292,72.49495375192394,19.332903918289215,11.130180817050846
2023-09-05 19:00:00,0.22836432818469063,25.571947672650133,66.35192117630828,19.332903918289215,11.130180817050846
2023-09-05 20:00:00,0.22836432818469063,26.29817001636184,58.75537985255754,19.332903918289215,11.130180817050846
2023-09-05 21:00:00,0.22836432818469063,26.08824269012781,55.33693526673214,19.332903918289215,11.130180817050846
2023-09-05 22:00:00,0.19976653106461864,25.86365346552374,55.33693526673214,19.332903918289215,11.130180817050846
2023-09-05 23:00:00,0.19434184766538642,24.439602245029995,55.33693526673214,19.332903918289215,11.130180817050846
2023-09-06 00:00:00,0.17562059314334594,21.380445078375224,49.34368371910318,19.193739533463564,11.130180817050846
2023-09-06 01:00:00,0.17443866781521494,20.995461081425745,49.34368371910318,19.193739533463564,11.130180817050846
2023-09-06 02:00:00,0.17443866781521494,20.995461081425745,49.06992219604527,19.193739533463564,11.130180817050846
2023-09-06 03:00:00,0.17443866781521494,20.995461081425745,48.003856494022806,19.193739533463564,11.130180817050846
2023-09-06 04:00:00,0.17443866781521494,26.53886235601538,39.196248179557905,19.193739533463564,11.130180817050846
2023-09-06 05:00:00,0.17952858347653183,35.58332060081358,35.869812848440375,19.193739533463564,11.130180817050846
2023-09-06 06:00:00,0.19701272264060876,37.44046655465937,35.869812848440375,19.519891400497386,11.130180817050846
2023-09-06 07:00:00,0.2064953494127039,37.44046655465937,36.55139890195403,19.519891400497386,11.130180817050846
2023-09-06 08:00:00,0.2064953494127039,36.104519041319804,42.60904309490796,19.519891400497386,11.130180817050846
2023-09-06 09:00:00,0.2022513204288433,28.131196245739357,58.08499360622957,19.519891400497386,11.130180817050846
2023-09-06 10:00:00,0.18223404358673148,21.161708017605225,69.86107725877646,19.519891400497386,11.130180817050846
2023-09-06 11:00:00,0.17174966719552137,17.145321521608786,75.98473391453376,19.519891400497386,11.130180817050846
2023-09-06 12:00:00,0.16665360693903036,16.582162325708172,79.10494269062544,19.332903918289215,11.130180817050846
2023-09-06 13:00:00,0.16615013344854776,16.582162325708172,79.65231820382664,19.332903918289215,11.130180817050846
2023-09-06 14:00:00,0.16615013344854776,16.582162325708172,79.65231820382664,19.332903918289215,11.130180817050846
2023-09-06 15:00:00,0.16615013344854776,16.582162325708172,79.65231820382664,19.332903918289215,11.130180817050846
2023-09-06 16:00:00,0.17430914195981861,18.414475490689096,79.65231820382664,19.332903918289215,11.130180817050846
2023-09-06 17:00:00,0.19772961241293496,21.9143996691965,76.40756179684826,19.332903918289215,11.130180817050846
2023-09-06 18:00:00,0.2276815219512023,24.37745784839014,72.49495375192394,19.332903918289215,11.130180817050846
2023-09-06 19:00:00,0.2259653772289164,24.759602160878114,66.35192117630828,19.332903918289215,11.130180817050846
2023-09-06 20:00:00,0.2259653772289164,25.07801573583559,58.75537985255754,19.332903918289215,11.130180817050846
2023-09-06 21:00:00,0.2259653772289164,24.868088409601558,55.33693526673214,19.332903918289215,11.130180817050846
2023-09-06 22:00:00,0.19976653106461864,24.643499184997488,55.33693526673214,19.332903918289215,11.130180817050846
2023-09-06 23:00:00,0.1949846502579505,24.015182682530277,55.33693526673214,19.332903918289215,11.130180817050846
2023-09-07 00:00:00,0.17499504482414455,22.024439322102,49.34368371910318,19.193739533463564,11.130180817050846
2023-09-07 01:00:00,0.17381311949601355,21.52320490740367,49.34368371910318,19.193739533463564,11.130180817050846
2023-09-07 02:00:00,0.17381311949601355,21.352387150494533,49.06992219604527,19.193739533463564,11.130180817050846
2023-09-07 03:00:00,0.17381311949601355,21.352387150494533,48.003856494022806,19.193739533463564,11.130180817050846
2023-09-07 04:00:00,0.17381311949601355,26.632383715681648,39.196248179557905,19.193739533463564,11.130180817050846
2023-09-07 05:00:00,0.17890303515733044,35.58332060081358,35.869812848440375,19.193739533463564,11.130180817050846
2023-09-07 06:00:00,0.19638717432140737,37.44046655465937,35.869812848440375,19.519891400497386,11.130180817050846
2023-09-07 07:00:00,0.20396271965710783,37.44046655465937,36.55139890195403,19.519891400497386,11.130180817050846
2023-09-07 08:00:00,0.20396271965710783,36.104519041319804,42.60904309490796,19.519891400497386,11.130180817050846
2023-09-07 09:00:00,0.19971869067324724,28.131196245739357,58.08499360622957,19.519891400497386,11.130180817050846
2023-09-07 10:00:00,0.1816084952675301,21.161708017605225,69.86107725877646,19.519891400497386,11.130180817050846
2023-09-07 11:00:00,0.17112411887631998,17.145321521608786,75.98473391453376,19.519891400497386,11.130180817050846
2023-09-07 12:00:00,0.16602805861982897,16.582162325708172,79.10494269062544,19.332903918289215,11.130180817050846
2023-09-07 13:00:00,0.16552458512934637,16.582162325708172,79.65231820382664,19.332903918289215,11.130180817050846
2023-09-07 14:00:00,0.16552458512934637,16.582162325708172,79.65231820382664,19.332903918289215,11.130180817050846
2023-09-07 15:00:00,0.16552458512934637,16.582162325708172,79.65231820382664,19.332903918289215,11.130180817050846
2023-09-07 16:00:00,0.17368359364061722,18.911016822820972,79.65231820382664,19.332903918289215,11.130180817050846
2023-09-07 17:00:00,0.19710406409373357,22.410941001328375,76.00196454949194,19.332903918289215,11.130180817050846
2023-09-07 18:00:00,0.22705597363200092,25.1637319906033,72.08935650456763,19.332903918289215,11.130180817050846
2023-09-07 19:00:00,0.22533982890971502,25.545876303091273,65.94632392895197,19.332903918289215,11.130180817050846
2023-09-07 20:00:00,0.22533982890971502,25.864289878048748,58.349782605201234,19.332903918289215,11.130180817050846
2023-09-07 21:00:00,0.22533982890971502,25.654362551814717,54.59047435790904,19.332903918289215,11.130180817050846
2023-09-07 22:00:00,0.2031220331083877,25.429773327210647,54.59047435790904,19.332903918289215,11.130180817050846
2023-09-07 23:00:00,0.19834015230171956,24.801456824743436,54.59047435790904,19.332903918289215,11.130180817050846
2023-09-08 00:00:00,0.17207069658810095,19.506962552508373,48.909726358748415,19.193739533463564,11.130180817050846
2023-09-08 01:00:00,0.17088877125996996,19.005728137810042,48.909726358748415,19.193739533463564,11.130180817050846
2023-09-08 02:00:00,0.17088877125996996,18.834910380900904,48.6359648356905,19.193739533463564,11.130180817050846
2023-09-08 03:00:00,0.17088877125996996,18.834910380900904,47.99568503536198,19.193739533463564,11.130180817050846
2023-09-08 04:00:00,0.17088877125996996,23.027421819678963,39.18807672089708,19.193739533463564,11.130180817050846
2023-09-08 05:00:00,0.17597868692128685,31.97835870481089,35.869812848440375,19.193739533463564,11.130180817050846
2023-09-08 06:00:00,0.19167243059835437,33.835504658656696,35.869812848440375,19.519891400497386,11.130180817050846
2023-09-08 07:00:00,0.19696964406397408,33.835504658656696,36.55139890195403,19.519891400497386,11.130180817050846
2023-09-08 08:00:00,0.19696964406397408,32.49955714531714,42.60904309490796,19.519891400497386,11.130180817050846
2023-09-08 09:00:00,0.19500394695019424,25.73019563334242,58.08499360622957,19.519891400497386,11.130180817050846
2023-09-08 10:00:00,0.1786841470314865,19.848192531617343,69.86107725877646,19.519891400497386,11.130180817050846
2023-09-08 11:00:00,0.16819977064027639,16.701657555105122,75.98473391453376,19.519891400497386,11.130180817050846
2023-09-08 12:00:00,0.16310371038378538,16.138498359204508,79.10494269062544,19.332903918289215,11.130180817050846
2023-09-08 13:00:00,0.16260023689330277,16.138498359204508,79.65231820382664,19.332903918289215,11.130180817050846
2023-09-08 14:00:00,0.16260023689330277,16.138498359204508,79.65231820382664,19.332903918289215,11.130180817050846
2023-09-08 15:00:00,0.16260023689330277,16.138498359204508,79.65231820382664,19.332903918289215,11.130180817050846
2023-09-08 16:00:00,0.17075924540457363,18.10046037097622,79.65231820382664,19.332903918289215,11.130180817050846
2023-09-08 17:00:00,0.19417971585768998,21.60038454948362,76.00196454949194,19.332903918289215,11.130180817050846
2023-09-08 18:00:00,0.22413162539595732,24.353175538758546,70.31970459288112,19.332903918289215,11.130180817050846
2023-09-08 19:00:00,0.22241548067367142,24.73531985124652,59.81368219902991,19.332903918289215,11.130180817050846
2023-09-08 20:00:00,0.22241548067367142,25.053733426203994,52.21714087527915,19.332903918289215,11.130180817050846
2023-09-08 21:00:00,0.22241548067367142,24.843806099969964,48.45783262798695,19.332903918289215,11.130180817050846
2023-09-08 22:00:00,0.203329180893571,24.619216875365893,48.45783262798695,19.332903918289215,11.130180817050846
2023-09-08 23:00:00,0.1999867628685167,23.990900372898682,48.45783262798695,19.332903918289215,11.130180817050846
2023-09-09 00:00:00,0.18739324558241502,20.205350653320206,42.91967340608682,19.150248064440554,11.130180817050846
2023-09-09 01:00:00,0.18621132025428402,19.704116238621875,42.91967340608682,19.150248064440554,11.130180817050846
2023-09-09 02:00:00,0.18621132025428402,18.579997762110263,42.64591188302891,19.150248064440554,11.130180817050846
2023-09-09 03:00:00,0.18621132025428402,18.579997762110263,42.64591188302891,19.150248064440554,11.130180817050846
2023-09-09 04:00:00,0.18621132025428402,18.561304110154794,38.98279838154373,19.150248064440554,11.130180817050846
2023-09-09 05:00:00,0.18621132025428402,20.21141813332547,36.867515059644134,19.150248064440554,11.130180817050846
2023-09-09 06:00:00,0.18794563992368565,20.43834834145191,36.867515059644134,19.150248064440554,11.130180817050846
2023-09-09 07:00:00,0.18839929244377593,20.263218118277557,37.7861398704792,19.150248064440554,11.130180817050846
2023-09-09 08:00:00,0.18839929244377593,19.598142219984908,39.97579580865829,19.150248064440554,11.130180817050846
2023-09-09 09:00:00,0.1864335953299961,16.749812050384033,53.30323180323622,19.150248064440554,11.130180817050846
2023-09-09 10:00:00,0.18040295122771471,15.66952512360131,62.70469891433897,19.150248064440554,11.130180817050846
2023-09-09 11:00:00,0.1742287007914283,14.945807127450154,68.90806603253837,19.150248064440554,11.130180817050846
2023-09-09 12:00:00,0.1711909517662315,14.769538284898513,72.68734415071276,19.150248064440554,11.130180817050846
2023-09-09 13:00:00,0.1706874782757489,14.769538284898513,73.23471966391396,19.150248064440554,11.130180817050846
2023-09-09 14:00:00,0.1706874782757489,14.769538284898513,73.23471966391396,19.150248064440554,11.130180817050846
2023-09-09 15:00:00,0.1706874782757489,14.769538284898513,73.23471966391396,19.150248064440554,11.130180817050846
2023-09-09 16:00:00,0.17884648678701975,16.216061496297993,73.85922826777839,19.150248064440554,11.130180817050846
2023-09-09 17:00:00,0.20726651127991494,21.66349517175922,68.20567399144288,19.150248064440554,11.130180817050846
2023-09-09 18:00:00,0.23349442820064537,25.32383084138743,62.523414034832065,19.150248064440554,11.130180817050846
2023-09-09 19:00:00,0.23177828347835946,25.772089942816308,52.01739164098083,19.150248064440554,11.130180817050846
2023-09-09 20:00:00,0.23177828347835946,26.090503517773783,45.30573820048418,19.150248064440554,11.130180817050846
2023-09-09 21:00:00,0.23177828347835946,25.880576191539753,43.41361625900455,19.150248064440554,11.130180817050846
2023-09-09 22:00:00,0.21269198369825904,25.655986966935682,43.41361625900455,19.150248064440554,11.130180817050846
2023-09-09 23:00:00,0.20934956567320473,25.02767046446847,43.41361625900455,19.150248064440554,11.130180817050846
2023-09-10 00:00:00,0.18739324558241502,19.709338059706457,42.91967340608682,19.150248064440554,11.130180817050846
2023-09-10 01:00:00,0.18621132025428402,19.324354062756978,42.91967340608682,19.150248064440554,11.130180817050846
2023-09-10 02:00:00,0.18621132025428402,17.52695855493365,42.64591188302891,19.150248064440554,11.130180817050846
2023-09-10 03:00:00,0.18621132025428402,17.25449176797445,42.64591188302891,19.150248064440554,11.130180817050846
2023-09-10 04:00:00,0.18621132025428402,17.223583798698662,38.98279838154373,19.150248064440554,11.130180817050846
2023-09-10 05:00:00,0.18621132025428402,16.243695877845717,37.21338609292663,19.150248064440554,11.130180817050846
2023-09-10 06:00:00,0.18794563992368565,16.243695877845717,37.21338609292663,19.150248064440554,11.130180817050846
2023-09-10 07:00:00,0.18839929244377593,16.068565654671364,38.132010903761696,19.150248064440554,11.130180817050846
2023-09-10 08:00:00,0.18839929244377593,15.466539936925122,40.79021355659183,19.150248064440554,11.130180817050846
2023-09-10 09:00:00,0.1864335953299961,15.112580466773966,54.11764955116976,19.150248064440554,11.130180817050846
2023-09-10 10:00:00,0.18040295122771471,14.242118444774464,62.70469891433897,19.150248064440554,11.130180817050846
2023-09-10 11:00:00,0.1742287007914283,13.829745849318261,68.90806603253837,19.150248064440554,11.130180817050846
2023-09-10 12:00:00,0.1711909517662315,13.829745849318261,72.68734415071276,19.150248064440554,11.130180817050846
2023-09-10 13:00:00,0.1706874782757489,13.829745849318261,73.23471966391396,19.150248064440554,11.130180817050846
2023-09-10 14:00:00,0.1706874782757489,13.829745849318261,73.23471966391396,19.150248064440554,11.130180817050846
2023-09-10 15:00:00,0.1706874782757489,13.829745849318261,73.23471966391396,19.150248064440554,11.130180817050846
2023-09-10 16:00:00,0.17884648678701975,14.708555418794754,73.85922826777839,19.150248064440554,11.130180817050846
2023-09-10 17:00:00,0.2065320740537567,19.317747790403647,68.98352936406383,19.150248064440554,11.130180817050846
2023-09-10 18:00:00,0.23275999097448713,21.449094955805116,63.301269407453006,19.150248064440554,11.130180817050846
2023-09-10 19:00:00,0.23104384625220123,21.63943291462701,52.795247013601774,19.150248064440554,11.130180817050846
2023-09-10 20:00:00,0.23104384625220123,21.957846489584487,46.08359357310512,19.150248064440554,11.130180817050846
2023-09-10 21:00:00,0.23104384625220123,21.747919163350456,44.19147163162549,19.150248064440554,11.130180817050846
2023-09-10 22:00:00,0.20838005473616464,21.85140822572056,44.19147163162549,19.150248064440554,11.130180817050846
2023-09-10 23:00:00,0.20117621640986108,21.22309172325335,44.19147163162549,19.150248064440554,11.130180817050846
2023-09-11 00:00:00,0.20731456917247726,16.572397369948902,41.72099070238439,19.193739533463564,11.130180817050846
2023-09-11 01:00:00,0.20613264384434626,16.572397369948902,41.72099070238439,19.193739533463564,11.130180817050846
2023-09-11 02:00:00,0.20613264384434626,16.572397369948902,41.72099070238439,19.193739533463564,11.130180817050846
2023-09-11 03:00:00,0.20613264384434626,16.572397369948902,41.29520480069045,19.193739533463564,11.130180817050846
2023-09-11 04:00:00,0.20613264384434626,21.177200531353243,34.46147966260599,19.193739533463564,11.130180817050846
2023-09-11 05:00:00,0.21122255950566315,30.35603559395519,28.98309216201224,19.193739533463564,11.130180817050846
2023-09-11 06:00:00,0.23131288545554718,31.91550247435009,28.98309216201224,19.519891400497386,11.130180817050846
2023-09-11 07:00:00,0.24177364873839252,31.91550247435009,28.98309216201224,19.519891400497386,11.130180817050846
2023-09-11 08:00:00,0.24177364873839252,30.996933321703416,32.90325116543157,19.519891400497386,11.130180817050846
2023-09-11 09:00:00,0.23752961975453193,25.340138834959824,47.6780485283801,19.519891400497386,11.130180817050846
2023-09-11 10:00:00,0.2175123429124201,19.057186581538197,60.18610320202729,19.519891400497386,11.130180817050846
2023-09-11 11:00:00,0.20702796652121,16.169178520864527,69.39880300558556,19.519891400497386,11.130180817050846
2023-09-11 12:00:00,0.201931906264719,16.06108048405779,73.17808112375995,19.332903918289215,11.130180817050846
2023-09-11 13:00:00,0.2014284327742364,16.06108048405779,73.72545663696116,19.332903918289215,11.130180817050846
2023-09-11 14:00:00,0.2014284327742364,16.06108048405779,73.72545663696116,19.332903918289215,11.130180817050846
2023-09-11 15:00:00,0.2014284327742364,16.06108048405779,73.72545663696116,19.332903918289215,11.130180817050846
2023-09-11 16:00:00,0.20958744128550724,17.409682919999888,74.34996524082558,19.332903918289215,11.130180817050846
2023-09-11 17:00:00,0.24328459385901433,20.055339463996738,69.10200821184638,19.332903918289215,11.130180817050846
2023-09-11 18:00:00,0.27178689381196974,22.44707954926222,63.41974825523557,19.332903918289215,11.130180817050846
2023-09-11 19:00:00,0.2700707490896838,22.73650383482088,52.91372586138434,19.332903918289215,11.130180817050846
2023-09-11 20:00:00,0.2700707490896838,23.054917409778355,46.20207242088769,19.332903918289215,11.130180817050846
2023-09-11 21:00:00,0.2700707490896838,22.844990083544324,44.65081414087486,19.332903918289215,11.130180817050846
2023-09-11 22:00:00,0.24147295196961183,22.753681527150476,44.65081414087486,19.332903918289215,11.130180817050846
2023-09-11 23:00:00,0.2360482685703796,22.12536502468327,44.65081414087486,19.332903918289215,11.130180817050846
2023-09-12 00:00:00,0.20858376037230775,18.55143662593948,41.41475998678156,19.193739533463564,11.130180817050846
2023-09-12 01:00:00,0.20740183504417675,18.55143662593948,41.41475998678156,19.193739533463564,11.130180817050846
2023-09-12 02:00:00,0.20740183504417675,18.55143662593948,41.14099846372365,19.193739533463564,11.130180817050846
2023-09-12 03:00:00,0.20740183504417675,18.55143662593948,40.715212562029706,19.193739533463564,11.130180817050846
2023-09-12 04:00:00,0.20740183504417675,24.610609579967413,34.076546666917935,19.193739533463564,11.130180817050846
2023-09-12 05:00:00,0.21249175070549364,34.063054757186954,28.98309216201224,19.193739533463564,11.130180817050846
2023-09-12 06:00:00,0.23258207665537767,35.92020071103275,28.98309216201224,19.519891400497386,11.130180817050846
2023-09-12 07:00:00,0.243042839938223,35.92020071103275,28.98309216201224,19.519891400497386,11.130180817050846
2023-09-12 08:00:00,0.243042839938223,34.805440681411184,32.90325116543157,19.519891400497386,11.130180817050846
2023-09-12 09:00:00,0.23879881095436242,28.036079169436476,47.6780485283801,19.519891400497386,11.130180817050846
2023-09-12 10:00:00,0.2187815341122506,20.82464795482151,61.9750750050703,19.519891400497386,11.130180817050846
2023-09-12 11:00:00,0.2082971577210405,17.014905310836955,71.18777480862857,19.519891400497386,11.130180817050846
2023-09-12 12:00:00,0.20320109746454948,16.45174611493634,74.96705292680296,19.332903918289215,11.130180817050846
2023-09-12 13:00:00,0.20269762397406688,16.45174611493634,75.51442844000417,19.332903918289215,11.130180817050846
2023-09-12 14:00:00,0.20269762397406688,16.45174611493634,75.51442844000417,19.332903918289215,11.130180817050846
2023-09-12 15:00:00,0.20269762397406688,16.45174611493634,75.51442844000417,19.332903918289215,11.130180817050846
2023-09-12 16:00:00,0.21085663248533773,18.209953372930375,74.34996524082558,19.332903918289215,11.130180817050846
2023-09-12 17:00:00,0.2642528776560983,20.937911274424653,69.10200821184638,19.332903918289215,11.130180817050846
2023-09-12 18:00:00,0.3238600509887952,23.595089955806667,63.41974825523557,19.332903918289215,11.130180817050846
2023-09-12 19:00:00,0.3221439062665093,23.97723426829464,52.91372586138434,19.332903918289215,11.130180817050846
2023-09-12 20:00:00,0.3221439062665093,24.295647843252116,46.20207242088769,19.332903918289215,11.130180817050846
2023-09-12 21:00:00,0.3221439062665093,24.085720517018085,44.65081414087486,19.332903918289215,11.130180817050846
2023-09-12 22:00:00,0.2935461091464373,23.861131292414015,44.65081414087486,19.332903918289215,11.130180817050846
2023-09-12 23:00:00,0.28812142574720506,23.232814789946804,44.65081414087486,19.332903918289215,11.130180817050846
2023-09-13 00:00:00,0.21216808366886505,19.618236248267763,41.41475998678156,19.193739533463564,11.130180817050846
2023-09-13 01:00:00,0.21098615834073406,19.233252251318284,41.41475998678156,19.193739533463564,11.130180817050846
2023-09-13 02:00:00,0.21098615834073406,19.233252251318284,41.14099846372365,19.193739533463564,11.130180817050846
2023-09-13 03:00:00,0.21098615834073406,19.233252251318284,40.715212562029706,19.193739533463564,11.130180817050846
2023-09-13 04:00:00,0.21098615834073406,24.32643301140107,34.076546666917935,19.193739533463564,11.130180817050846
2023-09-13 05:00:00,0.21607607400205095,33.370891256199265,28.98309216201224,19.193739533463564,11.130180817050846
2023-09-13 06:00:00,0.23356021316612788,35.228037210045066,28.98309216201224,19.519891400497386,11.130180817050846
2023-09-13 07:00:00,0.243042839938223,35.228037210045066,28.98309216201224,19.519891400497386,11.130180817050846
2023-09-13 08:00:00,0.243042839938223,34.1132771804235,32.90325116543157,19.519891400497386,11.130180817050846
2023-09-13 09:00:00,0.23879881095436242,27.343915668448794,47.6780485283801,19.519891400497386,11.130180817050846
2023-09-13 10:00:00,0.2187815341122506,20.82464795482151,61.9750750050703,19.519891400497386,11.130180817050846
2023-09-13 11:00:00,0.2082971577210405,17.014905310836955,71.18777480862857,19.519891400497386,11.130180817050846
2023-09-13 12:00:00,0.20320109746454948,16.45174611493634,74.96705292680296,19.332903918289215,11.130180817050846
2023-09-13 13:00:00,0.20269762397406688,16.45174611493634,75.51442844000417,19.332903918289215,11.130180817050846
2023-09-13 14:00:00,0.20269762397406688,16.45174611493634,75.51442844000417,19.332903918289215,11.130180817050846
2023-09-13 15:00:00,0.20269762397406688,16.45174611493634,75.51442844000417,19.332903918289215,11.130180817050846
2023-09-13 16:00:00,0.21085663248533773,18.284059279917265,74.34996524082558,19.332903918289215,11.130180817050846
2023-09-13 17:00:00,0.2618539267003241,21.783983458424668,69.10200821184638,19.332903918289215,11.130180817050846
2023-09-13 18:00:00,0.32146110003302103,24.24704163761831,63.41974825523557,19.332903918289215,11.130180817050846
2023-09-13 19:00:00,0.336858115261573,24.629185950106283,52.91372586138434,19.332903918289215,11.130180817050846
2023-09-13 20:00:00,0.336858115261573,24.947599525063758,46.20207242088769,19.332903918289215,11.130180817050846
2023-09-13 21:00:00,0.336858115261573,24.737672198829728,44.65081414087486,19.332903918289215,11.130180817050846
2023-09-13 22:00:00,0.2935461091464373,24.513082974225657,44.65081414087486,19.332903918289215,11.130180817050846
2023-09-13 23:00:00,0.28876422833976917,23.884766471758446,44.65081414087486,19.332903918289215,11.130180817050846
2023-09-14 00:00:00,0.21154253534966366,19.91213159100398,44.43236179620161,19.193739533463564,11.130180817050846
2023-09-14 01:00:00,0.21036061002153267,19.41089717630565,44.43236179620161,19.193739533463564,11.130180817050846
2023-09-14 02:00:00,0.21036061002153267,19.240079419396512,44.1586002731437,19.193739533463564,11.130180817050846
2023-09-14 03:00:00,0.21036061002153267,19.240079419396512,43.732814371449756,19.193739533463564,11.130180817050846
2023-09-14 04:00:00,0.21036061002153267,24.069855470076778,37.094148476337985,19.193739533463564,11.130180817050846
2023-09-14 05:00:00,0.21545052568284956,33.020792355208705,32.00069397143229,19.193739533463564,11.130180817050846
2023-09-14 06:00:00,0.2329346648469265,34.87793830905451,32.00069397143229,19.519891400497386,11.130180817050846
2023-09-14 07:00:00,0.24051021018262694,34.87793830905451,32.00069397143229,19.519891400497386,11.130180817050846
2023-09-14 08:00:00,0.24051021018262694,33.76317827943294,35.92085297485162,19.519891400497386,11.130180817050846
2023-09-14 09:00:00,0.23626618119876636,26.993816767458235,50.69565033780015,19.519891400497386,11.130180817050846
2023-09-14 10:00:00,0.2181559857930492,20.474549053830952,64.99267681449035,19.519891400497386,11.130180817050846
2023-09-14 11:00:00,0.2076716094018391,16.664806409846395,72.51040587743843,19.519891400497386,11.130180817050846
2023-09-14 12:00:00,0.2025755491453481,16.101647213945782,76.28968399561282,19.332903918289215,11.130180817050846
2023-09-14 13:00:00,0.20207207565486549,16.101647213945782,76.83705950881402,19.332903918289215,11.130180817050846
2023-09-14 14:00:00,0.20207207565486549,16.101647213945782,76.83705950881402,19.332903918289215,11.130180817050846
2023-09-14 15:00:00,0.20207207565486549,16.101647213945782,76.83705950881402,19.332903918289215,11.130180817050846
2023-09-14 16:00:00,0.21023108416613634,18.063609225717492,75.67259630963544,19.332903918289215,11.130180817050846
2023-09-14 17:00:00,0.2612283783811227,21.563533404224895,70.01904203329993,19.332903918289215,11.130180817050846
2023-09-14 18:00:00,0.32083555171381967,24.31632439349982,64.3367820766891,19.332903918289215,11.130180817050846
2023-09-14 19:00:00,0.33623256694237164,24.698468705987793,53.830759682837886,19.332903918289215,11.130180817050846
2023-09-14 20:00:00,0.33623256694237164,25.016882280945268,47.11910624234123,19.332903918289215,11.130180817050846
2023-09-14 21:00:00,0.33623256694237164,24.806954954711237,45.2269843008616,19.332903918289215,11.130180817050846
2023-09-14 22:00:00,0.2969016111902064,24.582365730107167,45.2269843008616,19.332903918289215,11.130180817050846
2023-09-14 23:00:00,0.2921197303835382,23.954049227639956,45.2269843008616,19.332903918289215,11.130180817050846
2023-09-15 00:00:00,0.235027104592754,19.91213159100398,43.998404435846844,19.193739533463564,11.130180817050846
2023-09-15 01:00:00,0.233845179264623,19.41089717630565,43.998404435846844,19.193739533463564,11.130180817050846
2023-09-15 02:00:00,0.233845179264623,19.240079419396512,43.72464291278893,19.193739533463564,11.130180817050846
2023-09-15 03:00:00,0.233845179264623,19.240079419396512,43.72464291278893,19.193739533463564,11.130180817050846
2023-09-15 04:00:00,0.233845179264623,24.069855470076778,37.08597701767716,19.193739533463564,11.130180817050846
2023-09-15 05:00:00,0.2389350949259399,33.020792355208705,32.00069397143229,19.193739533463564,11.130180817050846
2023-09-15 06:00:00,0.2546288386030074,34.87793830905451,32.00069397143229,19.519891400497386,11.130180817050846
2023-09-15 07:00:00,0.2599260520686272,34.87793830905451,32.00069397143229,19.519891400497386,11.130180817050846
2023-09-15 08:00:00,0.2599260520686272,33.76317827943294,35.92085297485162,19.519891400497386,11.130180817050846
2023-09-15 09:00:00,0.2579603549548473,26.993816767458235,50.69565033780015,19.519891400497386,11.130180817050846
2023-09-15 10:00:00,0.24164055503613951,20.474549053830952,64.99267681449035,19.519891400497386,11.130180817050846
2023-09-15 11:00:00,0.23115617864492943,16.664806409846395,72.51040587743843,19.519891400497386,11.130180817050846
2023-09-15 12:00:00,0.22606011838843842,16.101647213945782,76.28968399561282,19.332903918289215,11.130180817050846
2023-09-15 13:00:00,0.2255566448979558,16.101647213945782,76.83705950881402,19.332903918289215,11.130180817050846
2023-09-15 14:00:00,0.2255566448979558,16.101647213945782,76.83705950881402,19.332903918289215,11.130180817050846
2023-09-15 15:00:00,0.2255566448979558,16.101647213945782,76.83705950881402,19.332903918289215,11.130180817050846
2023-09-15 16:00:00,0.23516530879070846,18.063609225717492,75.67259630963544,19.332903918289215,11.130180817050846
2023-09-15 17:00:00,0.3158791569405142,21.563533404224895,70.01904203329993,19.332903918289215,11.130180817050846
2023-09-15 18:00:00,0.3754863302732111,24.31632439349982,64.3367820766891,19.332903918289215,11.130180817050846
2023-09-15 19:00:00,0.39088334550176307,24.698468705987793,53.830759682837886,19.332903918289215,11.130180817050846
2023-09-15 20:00:00,0.39088334550176307,25.016882280945268,47.11910624234123,19.332903918289215,11.130180817050846
2023-09-15 21:00:00,0.39088334550176307,24.806954954711237,45.2269843008616,19.332903918289215,11.130180817050846
2023-09-15 22:00:00,0.3546838857708247,24.582365730107167,45.2269843008616,19.332903918289215,11.130180817050846
2023-09-15 23:00:00,0.3513414677457704,23.954049227639956,45.2269843008616,19.332903918289215,11.130180817050846
2023-09-16 00:00:00,0.23408201463375733,20.93954811532643,45.99989822283956,19.150248064440554,11.130180817050846
2023-09-16 01:00:00,0.23290008930562633,20.4383137006281,45.99989822283956,19.150248064440554,11.130180817050846
2023-09-16 02:00:00,0.23290008930562633,19.31419522411649,45.72613669978165,19.150248064440554,11.130180817050846
2023-09-16 03:00:00,0.23290008930562633,19.31419522411649,45.72613669978165,19.150248064440554,11.130180817050846
2023-09-16 04:00:00,0.23290008930562633,19.932766184063226,42.06302319829647,19.150248064440554,11.130180817050846
2023-09-16 05:00:00,0.23290008930562633,21.582880207233902,39.947739876396874,19.150248064440554,11.130180817050846
2023-09-16 06:00:00,0.23463440897502796,21.809810415360342,39.947739876396874,19.150248064440554,11.130180817050846
2023-09-16 07:00:00,0.23508806149511824,21.63468019218599,40.866364687231936,19.150248064440554,11.130180817050846
2023-09-16 08:00:00,0.23508806149511824,20.96960429389334,43.05602062541103,19.150248064440554,11.130180817050846
2023-09-16 09:00:00,0.2331223643813384,18.121274124292466,56.38345661998896,19.150248064440554,11.130180817050846
2023-09-16 10:00:00,0.22709172027905705,16.403722585607536,67.57389553413472,19.150248064440554,11.130180817050846
2023-09-16 11:00:00,0.2209174698427706,15.237984405702047,73.77726265233412,19.150248064440554,11.130180817050846
2023-09-16 12:00:00,0.21787972081757384,15.061715563150406,77.5565407705085,19.150248064440554,11.130180817050846
2023-09-16 13:00:00,0.2173762473270912,15.061715563150406,78.10391628370971,19.150248064440554,11.130180817050846
2023-09-16 14:00:00,0.2173762473270912,15.061715563150406,78.10391628370971,19.150248064440554,11.130180817050846
2023-09-16 15:00:00,0.2173762473270912,15.061715563150406,78.10391628370971,19.150248064440554,11.130180817050846
2023-09-16 16:00:00,0.22698491121984388,16.508238774549884,76.93945308453112,19.150248064440554,11.130180817050846
2023-09-16 17:00:00,0.30769875936964963,21.95567245001111,71.28589880819561,19.150248064440554,11.130180817050846
2023-09-16 18:00:00,0.3673059327023465,25.61600811963932,65.60363885158479,19.150248064440554,11.130180817050846
2023-09-16 19:00:00,0.3827029479308985,26.0642672210682,55.09761645773357,19.150248064440554,11.130180817050846
2023-09-16 20:00:00,0.3827029479308985,26.382680796025674,48.38596301723692,19.150248064440554,11.130180817050846
2023-09-16 21:00:00,0.3827029479308985,26.172753469791644,46.49384107575729,19.150248064440554,11.130180817050846
2023-09-16 22:00:00,0.3465034881999602,25.948164245187574,46.49384107575729,19.150248064440554,11.130180817050846
2023-09-16 23:00:00,0.3431610701749058,25.319847742720363,46.49384107575729,19.150248064440554,11.130180817050846
2023-09-17 00:00:00,0.2115683511785717,20.15135824346079,45.8912691702724,19.150248064440554,11.130180817050846
2023-09-17 01:00:00,0.2103864258504407,19.76637424651131,45.8912691702724,19.150248064440554,11.130180817050846
2023-09-17 02:00:00,0.2103864258504407,17.968978738687984,45.61750764721449,19.150248064440554,11.130180817050846
2023-09-17 03:00:00,0.2103864258504407,17.696511951728784,45.61750764721449,19.150248064440554,11.130180817050846
2023-09-17 04:00:00,0.2103864258504407,17.665603982452996,41.95439414572931,19.150248064440554,11.130180817050846
2023-09-17 05:00:00,0.2103864258504407,16.68571606160005,40.18498185711221,19.150248064440554,11.130180817050846
2023-09-17 06:00:00,0.21212074551984234,16.68571606160005,40.18498185711221,19.150248064440554,11.130180817050846
2023-09-17 07:00:00,0.2125743980399326,16.510585838425698,41.103606667947275,19.150248064440554,11.130180817050846
2023-09-17 08:00:00,0.2125743980399326,15.908560120679462,43.76180932077741,19.150248064440554,11.130180817050846
2023-09-17 09:00:00,0.21060870092615278,15.554600650528304,57.08924531535534,19.150248064440554,11.130180817050846
2023-09-17 10:00:00,0.2045780568238714,14.6841386285288,67.46526648156755,19.150248064440554,11.130180817050846
2023-09-17 11:00:00,0.19840380638758498,13.829745849318261,73.66863359976695,19.150248064440554,11.130180817050846
2023-09-17 12:00:00,0.19536605736238818,13.829745849318261,77.44791171794134,19.150248064440554,11.130180817050846
2023-09-17 13:00:00,0.19486258387190558,13.829745849318261,77.99528723114254,19.150248064440554,11.130180817050846
2023-09-17 14:00:00,0.19486258387190558,13.829745849318261,77.99528723114254,19.150248064440554,11.130180817050846
2023-09-17 15:00:00,0.19486258387190558,13.829745849318261,77.99528723114254,19.150248064440554,11.130180817050846
2023-09-17 16:00:00,0.20447124776465822,14.708555418794754,76.83082403196396,19.150248064440554,11.130180817050846
2023-09-17 17:00:00,0.26002804931568213,19.317747790403647,72.80072933241493,19.150248064440554,11.130180817050846
2023-09-17 18:00:00,0.2916309132963346,21.449094955805116,67.11846937580411,19.150248064440554,11.130180817050846
2023-09-17 19:00:00,0.3070279285248866,21.63943291462701,56.61244698195291,19.150248064440554,11.130180817050846
2023-09-17 20:00:00,0.3070279285248866,21.957846489584487,49.90079354145625,19.150248064440554,11.130180817050846
2023-09-17 21:00:00,0.3070279285248866,21.747919163350456,48.00867159997662,19.150248064440554,11.130180817050846
2023-09-17 22:00:00,0.26725097705801204,21.85140822572056,48.00867159997662,19.150248064440554,11.130180817050846
2023-09-17 23:00:00,0.2600471387317085,21.22309172325335,48.00867159997662,19.150248064440554,11.130180817050846
2023-09-18 00:00:00,0.21249230720284965,17.01441755370324,47.168112936366285,19.193739533463564,11.130180817050846
2023-09-18 01:00:00,0.21131038187471865,17.01441755370324,47.168112936366285,19.193739533463564,11.130180817050846
2023-09-18 02:00:00,0.21131038187471865,17.01441755370324,47.168112936366285,19.193739533463564,11.130180817050846
2023-09-18 03:00:00,0.21131038187471865,17.01441755370324,46.74232703467234,19.193739533463564,11.130180817050846
2023-09-18 04:00:00,0.21131038187471865,22.256485327009784,39.90860189658788,19.193739533463564,11.130180817050846
2023-09-18 05:00:00,0.21640029753603554,31.435320389611732,34.430214395994135,19.193739533463564,11.130180817050846
2023-09-18 06:00:00,0.23649062348591957,32.99478727000666,34.430214395994135,19.519891400497386,11.130180817050846
2023-09-18 07:00:00,0.2469513867687649,32.99478727000666,34.430214395994135,19.519891400497386,11.130180817050846
2023-09-18 08:00:00,0.2469513867687649,32.29740560107796,38.35037339941346,19.519891400497386,11.130180817050846
2023-09-18 09:00:00,0.24270735778490432,26.64061111433437,53.125170762361996,19.519891400497386,11.130180817050846
2023-09-18 10:00:00,0.2226900809427925,19.720394249010532,67.4221972390522,19.519891400497386,11.130180817050846
2023-09-18 11:00:00,0.21220570455158239,16.169178520864527,74.93992630200027,19.519891400497386,11.130180817050846
2023-09-18 12:00:00,0.20710964429509138,16.06108048405779,78.71920442017466,19.69772506437411,11.130180817050846
2023-09-18 13:00:00,0.20660617080460877,16.06108048405779,79.26657993337587,19.69772506437411,11.130180817050846
2023-09-18 14:00:00,0.20660617080460877,16.06108048405779,79.26657993337587,19.69772506437411,11.130180817050846
2023-09-18 15:00:00,0.20660617080460877,16.06108048405779,79.26657993337587,19.69772506437411,11.130180817050846
2023-09-18 16:00:00,0.2162148346973614,17.409682919999888,78.10211673419728,19.69772506437411,11.130180817050846
2023-09-18 17:00:00,0.27490502443031767,20.055339463996738,73.69976390938362,19.69772506437411,11.130180817050846
2023-09-18 18:00:00,0.30650788841097015,22.44707954926222,68.0175039527728,19.69772506437411,11.130180817050846
2023-09-18 19:00:00,0.3219049036395221,22.73650383482088,57.51148155892159,19.69772506437411,11.130180817050846
2023-09-18 20:00:00,0.3219049036395221,23.054917409778355,50.799828118424934,19.69772506437411,11.130180817050846
2023-09-18 21:00:00,0.3219049036395221,22.844990083544324,49.2485698384121,19.69772506437411,11.130180817050846
2023-09-18 22:00:00,0.27619394656861224,22.753681527150476,49.2485698384121,19.69772506437411,11.130180817050846
2023-09-18 23:00:00,0.27076926316938,22.12536502468327,49.2485698384121,19.69772506437411,11.130180817050846
2023-09-19 00:00:00,0.20955466616021243,19.073191459947612,46.861882220763455,19.193739533463564,11.130180817050846
2023-09-19 01:00:00,0.20837274083208143,19.073191459947612,46.861882220763455,19.193739533463564,11.130180817050846
2023-09-19 02:00:00,0.20837274083208143,19.073191459947612,46.58812069770554,19.193739533463564,11.130180817050846
2023-09-19 03:00:00,0.20837274083208143,19.073191459947612,46.1623347960116,19.193739533463564,11.130180817050846
2023-09-19 04:00:00,0.20837274083208143,25.132364413975544,39.52366890089983,19.193739533463564,11.130180817050846
2023-09-19 05:00:00,0.21346265649339832,34.20289091424154,34.430214395994135,19.193739533463564,11.130180817050846
2023-09-19 06:00:00,0.23355298244328235,36.06003686808734,34.430214395994135,19.519891400497386,11.130180817050846
2023-09-19 07:00:00,0.2440137457261277,36.06003686808734,34.430214395994135,19.519891400497386,11.130180817050846
2023-09-19 08:00:00,0.2440137457261277,35.36265519915864,38.35037339941346,19.519891400497386,11.130180817050846
2023-09-19 09:00:00,0.2397697167422671,28.593293687183927,53.125170762361996,19.519891400497386,11.130180817050846
2023-09-19 10:00:00,0.21975243990015528,21.38186247256896,67.4221972390522,19.519891400497386,11.130180817050846
2023-09-19 11:00:00,0.20926806350894517,17.572119828584405,74.93992630200027,19.519891400497386,11.130180817050846
2023-09-19 12:00:00,0.20417200325245416,17.00896063268379,78.71920442017466,19.69772506437411,11.130180817050846
2023-09-19 13:00:00,0.20366852976197156,17.00896063268379,79.26657993337587,19.69772506437411,11.130180817050846
2023-09-19 14:00:00,0.20366852976197156,17.00896063268379,79.26657993337587,19.69772506437411,11.130180817050846
2023-09-19 15:00:00,0.20366852976197156,17.00896063268379,79.26657993337587,19.69772506437411,11.130180817050846
2023-09-19 16:00:00,0.2132771936547242,18.767167890677825,78.10211673419728,19.69772506437411,11.130180817050846
2023-09-19 17:00:00,0.2719673833876805,21.57525738236324,73.69976390938362,19.69772506437411,11.130180817050846
2023-09-19 18:00:00,0.303570247368333,24.364544958368903,68.0175039527728,19.69772506437411,11.130180817050846
2023-09-19 19:00:00,0.31896726259688496,25.361886706177685,57.51148155892159,19.69772506437411,11.130180817050846
2023-09-19 20:00:00,0.31896726259688496,25.68030028113516,50.799828118424934,19.69772506437411,11.130180817050846
2023-09-19 21:00:00,0.31896726259688496,25.47037295490113,49.2485698384121,19.69772506437411,11.130180817050846
2023-09-19 22:00:00,0.2732563055259751,25.052230336523873,49.2485698384121,19.69772506437411,11.130180817050846
2023-09-19 23:00:00,0.26783162212674283,24.423913834056663,49.2485698384121,19.69772506437411,11.130180817050846
2023-09-20 00:00:00,0.21313898945676973,20.765141945961478,43.5876441049045,19.193739533463564,11.130180817050846
2023-09-20 01:00:00,0.21195706412863874,20.380157949012,43.5876441049045,19.193739533463564,11.130180817050846
2023-09-20 02:00:00,0.21195706412863874,20.380157949012,43.313882581846585,19.193739533463564,11.130180817050846
2023-09-20 03:00:00,0.21195706412863874,20.380157949012,42.88809668015264,19.193739533463564,11.130180817050846
2023-09-20 04:00:00,0.21195706412863874,23.521654576010985,36.24943078504087,19.193739533463564,11.130180817050846
2023-09-20 05:00:00,0.21704697978995563,33.57776371570886,31.15597628013518,19.193739533463564,11.130180817050846
2023-09-20 06:00:00,0.23453111895403256,35.434909669554656,31.15597628013518,19.519891400497386,11.130180817050846
2023-09-20 07:00:00,0.2440137457261277,35.434909669554656,31.15597628013518,19.519891400497386,11.130180817050846
2023-09-20 08:00:00,0.2440137457261277,34.73752800062596,35.07613528355451,19.519891400497386,11.130180817050846
2023-09-20 09:00:00,0.2397697167422671,27.968166488651246,49.85093264650304,19.519891400497386,11.130180817050846
2023-09-20 10:00:00,0.21975243990015528,23.21528510455743,64.14795912319323,19.519891400497386,11.130180817050846
2023-09-20 11:00:00,0.20926806350894517,18.465458298685366,71.66568818614132,19.519891400497386,11.130180817050846
2023-09-20 12:00:00,0.20417200325245416,17.902299102784752,75.44496630431571,19.69772506437411,11.130180817050846
2023-09-20 13:00:00,0.20366852976197156,17.902299102784752,75.99234181751692,19.69772506437411,11.130180817050846
2023-09-20 14:00:00,0.20366852976197156,17.902299102784752,75.99234181751692,19.69772506437411,11.130180817050846
2023-09-20 15:00:00,0.20366852976197156,17.902299102784752,75.99234181751692,19.69772506437411,11.130180817050846
2023-09-20 16:00:00,0.2132771936547242,22.19428017374567,74.82787861833833,19.69772506437411,11.130180817050846
2023-09-20 17:00:00,0.2695684324319063,26.91971865015253,70.42552579352467,19.69772506437411,11.130180817050846
2023-09-20 18:00:00,0.3011712964125588,29.85365704031556,64.74326583691385,19.69772506437411,11.130180817050846
2023-09-20 19:00:00,0.31656831164111077,30.850998788124343,54.23724344306263,19.69772506437411,11.130180817050846
2023-09-20 20:00:00,0.31656831164111077,32.00436488271725,47.52559000256598,19.69772506437411,11.130180817050846
2023-09-20 21:00:00,0.31656831164111077,30.79980248176911,45.974331722553146,19.69772506437411,11.130180817050846
2023-09-20 22:00:00,0.2732563055259751,30.098066516063408,45.974331722553146,19.69772506437411,11.130180817050846
2023-09-20 23:00:00,0.26847442471930694,28.209358581408498,45.974331722553146,19.69772506437411,11.130180817050846
2023-09-21 00:00:00,0.21251344113756834,22.992249214935576,43.5876441049045,19.193739533463564,11.130180817050846
2023-09-21 01:00:00,0.21133151580943735,22.491014800237245,43.5876441049045,19.193739533463564,11.130180817050846
2023-09-21 02:00:00,0.21133151580943735,22.320197043328108,43.313882581846585,19.193739533463564,11.130180817050846
2023-09-21 03:00:00,0.21133151580943735,22.320197043328108,42.88809668015264,19.193739533463564,11.130180817050846
2023-09-21 04:00:00,0.21133151580943735,25.198288960924575,36.24943078504087,19.193739533463564,11.130180817050846
2023-09-21 05:00:00,0.21642143147075424,35.16087674095618,31.15597628013518,19.193739533463564,11.130180817050846
2023-09-21 06:00:00,0.23390557063483117,37.01802269480198,31.15597628013518,19.519891400497386,11.130180817050846
2023-09-21 07:00:00,0.24148111597053162,37.01802269480198,31.15597628013518,19.519891400497386,11.130180817050846
2023-09-21 08:00:00,0.24148111597053162,36.32064102587328,35.07613528355451,19.519891400497386,11.130180817050846
2023-09-21 09:00:00,0.23723708698667104,29.551279513898567,49.85093264650304,19.519891400497386,11.130180817050846
2023-09-21 10:00:00,0.2191268915809539,24.798398129804752,64.14795912319323,19.519891400497386,11.130180817050846
2023-09-21 11:00:00,0.20864251518974378,19.343042627997264,71.66568818614132,19.519891400497386,11.130180817050846
2023-09-21 12:00:00,0.20354645493325277,18.77988343209665,75.44496630431571,19.69772506437411,11.130180817050846
2023-09-21 13:00:00,0.20304298144277017,18.77988343209665,75.99234181751692,19.69772506437411,11.130180817050846
2023-09-21 14:00:00,0.20304298144277017,18.77988343209665,75.99234181751692,19.69772506437411,11.130180817050846
2023-09-21 15:00:00,0.20304298144277017,18.77988343209665,75.99234181751692,19.69772506437411,11.130180817050846
2023-09-21 16:00:00,0.2126516453355228,23.20151334984836,74.82787861833833,19.69772506437411,11.130180817050846
2023-09-21 17:00:00,0.24023123362064672,27.926951826255216,70.01992854616836,19.69772506437411,11.130180817050846
2023-09-21 18:00:00,0.2718340976012993,31.842457760936217,64.33766858955754,19.69772506437411,11.130180817050846
2023-09-21 19:00:00,0.28723111282985125,32.13188204649489,53.83164619570633,19.69772506437411,11.130180817050846
2023-09-21 20:00:00,0.28723111282985125,33.28524814108779,47.11999275520967,19.69772506437411,11.130180817050846
2023-09-21 21:00:00,0.28723111282985125,32.08068574013965,45.22787081373004,19.69772506437411,11.130180817050846
2023-09-21 22:00:00,0.247900157077686,31.378949774433945,45.22787081373004,19.69772506437411,11.130180817050846
2023-09-21 23:00:00,0.24311827627101784,29.490241839779035,45.22787081373004,19.69772506437411,11.130180817050846
2023-09-22 00:00:00,0.21251344113756834,36.76003551802474,43.15368674454973,19.193739533463564,11.130180817050846
2023-09-22 01:00:00,0.21133151580943735,36.258801103326405,43.15368674454973,19.193739533463564,11.130180817050846
2023-09-22 02:00:00,0.21133151580943735,36.08798334641727,42.87992522149182,19.193739533463564,11.130180817050846
2023-09-22 03:00:00,0.21133151580943735,36.08798334641727,42.87992522149182,19.193739533463564,11.130180817050846
2023-09-22 04:00:00,0.21133151580943735,38.83382717010542,36.241259326380046,19.193739533463564,11.130180817050846
2023-09-22 05:00:00,0.21642143147075424,48.603909154516046,31.15597628013518,19.193739533463564,11.130180817050846
2023-09-22 06:00:00,0.23211517514782176,50.46105510836184,31.15597628013518,19.519891400497386,11.130180817050846
2023-09-22 07:00:00,0.23741238861344147,50.46105510836184,31.15597628013518,19.519891400497386,11.130180817050846
2023-09-22 08:00:00,0.23741238861344147,50.2153507062969,35.07613528355451,19.519891400497386,11.130180817050846
2023-09-22 09:00:00,0.23544669149966163,44.3276990538304,49.85093264650304,19.519891400497386,11.130180817050846
2023-09-22 10:00:00,0.2191268915809539,39.761050743752136,64.14795912319323,19.519891400497386,11.130180817050846
2023-09-22 11:00:00,0.20864251518974378,32.649792684119,71.66568818614132,19.519891400497386,11.130180817050846
2023-09-22 12:00:00,0.20354645493325277,32.0866334882184,75.44496630431571,19.69772506437411,11.130180817050846
2023-09-22 13:00:00,0.20304298144277017,32.0866334882184,75.99234181751692,19.69772506437411,11.130180817050846
2023-09-22 14:00:00,0.20304298144277017,32.0866334882184,75.99234181751692,19.69772506437411,11.130180817050846
2023-09-22 15:00:00,0.20304298144277017,32.0866334882184,75.99234181751692,19.69772506437411,11.130180817050846
2023-09-22 16:00:00,0.2126516453355228,37.3255467875756,74.82787861833833,19.69772506437411,11.130180817050846
2023-09-22 17:00:00,0.24023123362064672,43.42675863195619,70.01992854616836,19.69772506437411,11.130180817050846
2023-09-22 18:00:00,0.2718340976012993,45.84211835971628,64.33766858955754,19.69772506437411,11.130180817050846
2023-09-22 19:00:00,0.28723111282985125,45.84211835971628,53.83164619570633,19.69772506437411,11.130180817050846
2023-09-22 20:00:00,0.28723111282985125,46.9954844543092,47.11999275520967,19.69772506437411,11.130180817050846
2023-09-22 21:00:00,0.28723111282985125,44.28701722922404,45.22787081373004,19.69772506437411,11.130180817050846
2023-09-22 22:00:00,0.2510316530989129,42.76799788191286,45.22787081373004,19.69772506437411,11.130180817050846
2023-09-22 23:00:00,0.24768923507385857,40.87928994725794,45.22787081373004,19.69772506437411,11.130180817050846
2023-09-23 00:00:00,0.18936792937204835,36.79109026735382,45.809741597348754,19.150248064440554,11.130180817050846
2023-09-23 01:00:00,0.18818600404391736,36.289855852655485,45.809741597348754,19.150248064440554,11.130180817050846
2023-09-23 02:00:00,0.18818600404391736,35.16573737614388,45.53598007429084,19.150248064440554,11.130180817050846
2023-09-23 03:00:00,0.18818600404391736,35.16573737614388,45.53598007429084,19.150248064440554,11.130180817050846
2023-09-23 04:00:00,0.18818600404391736,35.682968211458096,41.87286657280566,19.150248064440554,11.130180817050846
2023-09-23 05:00:00,0.18818600404391736,39.02044228066917,39.757583250906066,19.150248064440554,11.130180817050846
2023-09-23 06:00:00,0.189920323713319,39.24737248879562,39.757583250906066,19.150248064440554,11.130180817050846
2023-09-23 07:00:00,0.19037397623340926,39.07224226562126,40.67620806174113,19.150248064440554,11.130180817050846
2023-09-23 08:00:00,0.19037397623340926,38.899593342923694,42.86586399992022,19.150248064440554,11.130180817050846
2023-09-23 09:00:00,0.18840827911962943,36.69787719725441,56.193299994498155,19.150248064440554,11.130180817050846
2023-09-23 10:00:00,0.18237763501734805,35.57569949791111,67.3837389086439,19.150248064440554,11.130180817050846
2023-09-23 11:00:00,0.17620338458106163,30.545815305833035,73.5871060268433,19.150248064440554,11.130180817050846
2023-09-23 12:00:00,0.17316563555586484,30.36954646328139,77.36638414501769,19.150248064440554,11.130180817050846
2023-09-23 13:00:00,0.17266216206538224,30.36954646328139,77.9137596582189,19.150248064440554,11.130180817050846
2023-09-23 14:00:00,0.17266216206538224,30.36954646328139,77.9137596582189,19.150248064440554,11.130180817050846
2023-09-23 15:00:00,0.17266216206538224,30.36954646328139,77.9137596582189,19.150248064440554,11.130180817050846
2023-09-23 16:00:00,0.18227082595813487,34.151928894967774,76.74929645904031,19.150248064440554,11.130180817050846
2023-09-23 17:00:00,0.2098504142432588,41.327109425861565,71.94134638687034,19.150248064440554,11.130180817050846
2023-09-23 18:00:00,0.24145327822391127,43.394860576171624,66.25908643025952,19.150248064440554,11.130180817050846
2023-09-23 19:00:00,0.2568502934524633,43.394860576171624,55.75306403640832,19.150248064440554,11.130180817050846
2023-09-23 20:00:00,0.2568502934524633,44.54822667076454,49.041410595911664,19.150248064440554,11.130180817050846
2023-09-23 21:00:00,0.2568502934524633,42.534763192242444,47.149288654432034,19.150248064440554,11.130180817050846
2023-09-23 22:00:00,0.22065083372152494,41.01574384493125,47.149288654432034,19.150248064440554,11.130180817050846
2023-09-23 23:00:00,0.21730841569647064,39.12703591027633,47.149288654432034,19.150248064440554,11.130180817050846
2023-09-24 00:00:00,0.18936792937204835,20.649544379924052,45.809741597348754,19.150248064440554,11.130180817050846
2023-09-24 01:00:00,0.18818600404391736,20.264560382974572,45.809741597348754,19.150248064440554,11.130180817050846
2023-09-24 02:00:00,0.18818600404391736,18.467164875151244,45.53598007429084,19.150248064440554,11.130180817050846
2023-09-24 03:00:00,0.18818600404391736,18.194698088192045,45.53598007429084,19.150248064440554,11.130180817050846
2023-09-24 04:00:00,0.18818600404391736,18.194698088192045,41.87286657280566,19.150248064440554,11.130180817050846
2023-09-24 05:00:00,0.18818600404391736,17.331969698457147,40.103454284188565,19.150248064440554,11.130180817050846
2023-09-24 06:00:00,0.189920323713319,17.27514391815898,40.103454284188565,19.150248064440554,11.130180817050846
2023-09-24 07:00:00,0.19037397623340926,17.10001369498463,41.02207909502363,19.150248064440554,11.130180817050846
2023-09-24 08:00:00,0.19037397623340926,16.733028436759096,43.68028174785376,19.150248064440554,11.130180817050846
2023-09-24 09:00:00,0.18840827911962943,16.733028436759096,57.007717742431694,19.150248064440554,11.130180817050846
2023-09-24 10:00:00,0.18237763501734805,16.271707180085684,67.3837389086439,19.150248064440554,11.130180817050846
2023-09-24 11:00:00,0.17620338458106163,15.559889661185824,73.5871060268433,19.150248064440554,11.130180817050846
2023-09-24 12:00:00,0.17316563555586484,15.559889661185824,77.36638414501769,19.150248064440554,11.130180817050846
2023-09-24 13:00:00,0.17266216206538224,15.559889661185824,77.9137596582189,19.150248064440554,11.130180817050846
2023-09-24 14:00:00,0.17266216206538224,15.559889661185824,77.9137596582189,19.150248064440554,11.130180817050846
2023-09-24 15:00:00,0.17266216206538224,15.559889661185824,77.9137596582189,19.150248064440554,11.130180817050846
2023-09-24 16:00:00,0.18227082595813487,19.807824955864877,76.74929645904031,19.150248064440554,11.130180817050846
2023-09-24 17:00:00,0.20911597701710055,26.555565830797438,72.71920175949128,19.150248064440554,11.130180817050846
2023-09-24 18:00:00,0.24071884099775304,27.09432847688074,67.03694180288046,19.150248064440554,11.130180817050846
2023-09-24 19:00:00,0.25611585622630506,27.09432847688074,56.53091940902926,19.150248064440554,11.130180817050846
2023-09-24 20:00:00,0.25611585622630506,26.773258046885964,49.819265968532605,19.150248064440554,11.130180817050846
2023-09-24 21:00:00,0.25611585622630506,24.417915505393392,47.927144027052975,19.150248064440554,11.130180817050846
2023-09-24 22:00:00,0.21633890475943054,23.187236951101465,47.927144027052975,19.150248064440554,11.130180817050846
2023-09-24 23:00:00,0.209135066433127,22.563760774399853,47.927144027052975,19.150248064440554,11.130180817050846
